day,platform,format,art,asset,caption_file
1,Instagram,Reel,The Golden Empress,Wall Reveal Transformation,04-the-golden-empress/videos/01-wall-reveal-transformation/instagram-reel.txt
1,Instagram,Stories (2-3),any,Re-share the post + a question/poll sticker,
1,Pinterest,Pin,The Golden Empress,Living Room Mockup (title variant A),04-the-golden-empress/images/01-living-room-mockup/pinterest-pin.txt
1,Pinterest,Pin,The Golden Lion,Office Mockup (title variant A),05-the-golden-lion/images/01-office-mockup/pinterest-pin.txt
1,Pinterest,Video Pin,The Golden Empress,Wall Reveal Transformation (title variant A),04-the-golden-empress/videos/01-wall-reveal-transformation/pinterest-video-pin.txt
1,Pinterest,Pin,Fresco of the Gods,Living Room Mockup (title variant A),01-fresco-of-the-gods/images/01-living-room-mockup/pinterest-pin.txt
2,Instagram,Post,The Golden Empress,Living Room Mockup,04-the-golden-empress/images/01-living-room-mockup/instagram-post.txt
2,Instagram,Stories (2-3),any,Re-share the post + a question/poll sticker,
2,Pinterest,Pin,Liquid Onyx,Living Room Mockup (title variant A),02-liquid-onyx/images/01-living-room-mockup/pinterest-pin.txt
2,Pinterest,Video Pin,The Golden Lion,Wall Reveal Transformation (title variant A),05-the-golden-lion/videos/01-wall-reveal-transformation/pinterest-video-pin.txt
2,Pinterest,Pin,The Titanium Wealth,Living Room Mockup (title variant A),07-the-titanium-wealth/images/01-living-room-mockup/pinterest-pin.txt
2,Pinterest,Pin,She Stands at the Old Door,Living Room Mockup (title variant A),03-she-stands-at-the-old-door/images/01-living-room-mockup/pinterest-pin.txt
3,Instagram,Reel,The Golden Lion,Wall Reveal Transformation,05-the-golden-lion/videos/01-wall-reveal-transformation/instagram-reel.txt
3,Instagram,Stories (2-3),any,Re-share the post + a question/poll sticker,
3,Pinterest,Video Pin,Fresco of the Gods,Wall Reveal Transformation (title variant A),01-fresco-of-the-gods/videos/01-wall-reveal-transformation/pinterest-video-pin.txt
3,Pinterest,Pin,The Letter,Living Room Mockup (title variant A),06-the-letter/images/01-living-room-mockup/pinterest-pin.txt
3,Pinterest,Pin,Gold Series Duo,Gold Series Duo Collage (title variant A),00-master/bundle-collages/01-gold-series-duo-collage/pinterest-pin.txt
3,Pinterest,Video Pin,Liquid Onyx,Wall Reveal Transformation (title variant A),02-liquid-onyx/videos/01-wall-reveal-transformation/pinterest-video-pin.txt
4,Instagram,Post,The Golden Lion,Office Mockup,05-the-golden-lion/images/01-office-mockup/instagram-post.txt
4,Instagram,Stories (2-3),any,Re-share the post + a question/poll sticker,
4,Pinterest,Pin,The Golden Empress,Bedroom Mockup (title variant A),04-the-golden-empress/images/02-bedroom-mockup/pinterest-pin.txt
4,Pinterest,Pin,The Golden Lion,Living Room Mockup (title variant A),05-the-golden-lion/images/02-living-room-mockup/pinterest-pin.txt
4,Pinterest,Video Pin,The Titanium Wealth,Wall Reveal Transformation (title variant A),07-the-titanium-wealth/videos/01-wall-reveal-transformation/pinterest-video-pin.txt
4,Pinterest,Pin,Fresco of the Gods,Bedroom Mockup (title variant A),01-fresco-of-the-gods/images/02-bedroom-mockup/pinterest-pin.txt
5,Instagram,Reel,Fresco of the Gods,Wall Reveal Transformation,01-fresco-of-the-gods/videos/01-wall-reveal-transformation/instagram-reel.txt
5,Instagram,Stories (2-3),any,Re-share the post + a question/poll sticker,
5,Pinterest,Pin,Liquid Onyx,Bedroom Mockup (title variant A),02-liquid-onyx/images/02-bedroom-mockup/pinterest-pin.txt
5,Pinterest,Video Pin,She Stands at the Old Door,Door Reveal Transformation (title variant A),03-she-stands-at-the-old-door/videos/01-door-reveal-transformation/pinterest-video-pin.txt
5,Pinterest,Pin,The Titanium Wealth,Office Mockup (title variant A),07-the-titanium-wealth/images/02-office-mockup/pinterest-pin.txt
5,Pinterest,Pin,She Stands at the Old Door,Reading Nook Mockup (title variant A),03-she-stands-at-the-old-door/images/02-reading-nook-mockup/pinterest-pin.txt
6,Instagram,Reel,Liquid Onyx,Wall Reveal Transformation,02-liquid-onyx/videos/01-wall-reveal-transformation/instagram-reel.txt
6,Instagram,Stories (2-3),any,Re-share the post + a question/poll sticker,
6,Pinterest,Video Pin,The Letter,Candlelight Reveal (title variant A),06-the-letter/videos/01-candlelight-reveal/pinterest-video-pin.txt
6,Pinterest,Pin,The Letter,Reading Nook Mockup (title variant A),06-the-letter/images/02-reading-nook-mockup/pinterest-pin.txt
6,Pinterest,Pin,Luxe Abstract Duo,Luxe Abstract Duo Collage (title variant A),00-master/bundle-collages/02-luxe-abstract-duo-collage/pinterest-pin.txt
6,Pinterest,Video Pin,The Golden Empress,Texture ASMR Zoom (title variant A),04-the-golden-empress/videos/02-texture-asmr-zoom/pinterest-video-pin.txt
7,Instagram,Post,Fresco of the Gods,Living Room Mockup,01-fresco-of-the-gods/images/01-living-room-mockup/instagram-post.txt
7,Instagram,Stories (2-3),any,Re-share the post + a question/poll sticker,
7,Pinterest,Pin,The Golden Empress,Office / Study Mockup (title variant A),04-the-golden-empress/images/03-office-study-mockup/pinterest-pin.txt
7,Pinterest,Pin,The Golden Lion,Study Room Mockup (title variant A),05-the-golden-lion/images/03-study-room-mockup/pinterest-pin.txt
7,Pinterest,Video Pin,The Golden Lion,Texture ASMR Zoom (title variant A),05-the-golden-lion/videos/02-texture-asmr-zoom/pinterest-video-pin.txt
7,Pinterest,Pin,Fresco of the Gods,Hallway / Entryway Mockup (title variant A),01-fresco-of-the-gods/images/03-hallway-entryway-mockup/pinterest-pin.txt
8,Instagram,Reel,The Titanium Wealth,Wall Reveal Transformation,07-the-titanium-wealth/videos/01-wall-reveal-transformation/instagram-reel.txt
8,Instagram,Stories (2-3),any,Re-share the post + a question/poll sticker,
8,Pinterest,Pin,Liquid Onyx,Office / Study Mockup (title variant A),02-liquid-onyx/images/03-office-study-mockup/pinterest-pin.txt
8,Pinterest,Video Pin,Fresco of the Gods,Texture ASMR Zoom (title variant A),01-fresco-of-the-gods/videos/02-texture-asmr-zoom/pinterest-video-pin.txt
8,Pinterest,Pin,The Titanium Wealth,Bedroom Mockup (title variant A),07-the-titanium-wealth/images/03-bedroom-mockup/pinterest-pin.txt
8,Pinterest,Pin,She Stands at the Old Door,Bedroom Mockup (title variant A),03-she-stands-at-the-old-door/images/03-bedroom-mockup/pinterest-pin.txt
9,Instagram,Post,Liquid Onyx,Living Room Mockup,02-liquid-onyx/images/01-living-room-mockup/instagram-post.txt
9,Instagram,Stories (2-3),any,Re-share the post + a question/poll sticker,
9,Pinterest,Video Pin,Liquid Onyx,Texture ASMR Zoom (title variant A),02-liquid-onyx/videos/02-texture-asmr-zoom/pinterest-video-pin.txt
9,Pinterest,Pin,The Letter,Bedroom Mockup (title variant A),06-the-letter/images/03-bedroom-mockup/pinterest-pin.txt
9,Pinterest,Pin,Storybook Diptych,Storybook Diptych Collage (title variant A),00-master/bundle-collages/03-storybook-diptych-collage/pinterest-pin.txt
9,Pinterest,Video Pin,The Titanium Wealth,Texture ASMR Zoom (title variant A),07-the-titanium-wealth/videos/02-texture-asmr-zoom/pinterest-video-pin.txt
10,Instagram,Reel,She Stands at the Old Door,Door Reveal Transformation,03-she-stands-at-the-old-door/videos/01-door-reveal-transformation/instagram-reel.txt
10,Instagram,Stories (2-3),any,Re-share the post + a question/poll sticker,
10,Pinterest,Pin,The Golden Empress,Hallway Mockup (title variant A),04-the-golden-empress/images/04-hallway-mockup/pinterest-pin.txt
10,Pinterest,Pin,The Golden Lion,Hallway Mockup (title variant A),05-the-golden-lion/images/04-hallway-mockup/pinterest-pin.txt
10,Pinterest,Video Pin,She Stands at the Old Door,Texture ASMR Zoom (title variant A),03-she-stands-at-the-old-door/videos/02-texture-asmr-zoom/pinterest-video-pin.txt
10,Pinterest,Pin,Fresco of the Gods,Office / Study Mockup (title variant A),01-fresco-of-the-gods/images/04-office-study-mockup/pinterest-pin.txt
11,Instagram,Post,The Titanium Wealth,Living Room Mockup,07-the-titanium-wealth/images/01-living-room-mockup/instagram-post.txt
11,Instagram,Stories (2-3),any,Re-share the post + a question/poll sticker,
11,Pinterest,Pin,Liquid Onyx,Hallway Mockup (title variant A),02-liquid-onyx/images/04-hallway-mockup/pinterest-pin.txt
11,Pinterest,Video Pin,The Letter,Texture ASMR Zoom (title variant A),06-the-letter/videos/02-texture-asmr-zoom/pinterest-video-pin.txt
11,Pinterest,Pin,The Titanium Wealth,Hallway Mockup (title variant A),07-the-titanium-wealth/images/04-hallway-mockup/pinterest-pin.txt
11,Pinterest,Pin,She Stands at the Old Door,Hallway Mockup (title variant A),03-she-stands-at-the-old-door/images/04-hallway-mockup/pinterest-pin.txt
12,Instagram,Reel,The Letter,Candlelight Reveal,06-the-letter/videos/01-candlelight-reveal/instagram-reel.txt
12,Instagram,Stories (2-3),any,Re-share the post + a question/poll sticker,
12,Pinterest,Video Pin,The Golden Empress,Multi-Room Showcase (title variant A),04-the-golden-empress/videos/03-multi-room-showcase/pinterest-video-pin.txt
12,Pinterest,Pin,The Letter,Hallway Mockup (title variant A),06-the-letter/images/04-hallway-mockup/pinterest-pin.txt
12,Pinterest,Pin,Full Collection (all 7),Full Store Collage (All 7 Art) (title variant A),00-master/bundle-collages/04-full-store-collage-all-7-art/pinterest-pin.txt
12,Pinterest,Video Pin,The Golden Lion,Multi-Room Showcase (title variant A),05-the-golden-lion/videos/03-multi-room-showcase/pinterest-video-pin.txt
13,Instagram,Reel,The Golden Empress,Texture ASMR Zoom,04-the-golden-empress/videos/02-texture-asmr-zoom/instagram-reel.txt
13,Instagram,Stories (2-3),any,Re-share the post + a question/poll sticker,
13,Pinterest,Pin,The Golden Empress,Portrait vs Landscape Comparison (title variant A),04-the-golden-empress/images/05-portrait-vs-landscape-comparison/pinterest-pin.txt
13,Pinterest,Pin,The Golden Lion,Portrait vs Landscape Comparison (title variant A),05-the-golden-lion/images/05-portrait-vs-landscape-comparison/pinterest-pin.txt
13,Pinterest,Video Pin,Fresco of the Gods,Multi-Room Showcase (title variant A),01-fresco-of-the-gods/videos/03-multi-room-showcase/pinterest-video-pin.txt
13,Pinterest,Pin,Fresco of the Gods,Portrait vs Landscape Comparison (title variant A),01-fresco-of-the-gods/images/05-portrait-vs-landscape-comparison/pinterest-pin.txt
14,Instagram,Post,She Stands at the Old Door,Living Room Mockup,03-she-stands-at-the-old-door/images/01-living-room-mockup/instagram-post.txt
14,Instagram,Stories (2-3),any,Re-share the post + a question/poll sticker,
14,Pinterest,Pin,Liquid Onyx,Portrait vs Landscape Comparison (title variant A),02-liquid-onyx/images/05-portrait-vs-landscape-comparison/pinterest-pin.txt
14,Pinterest,Video Pin,Liquid Onyx,Multi-Room Showcase (title variant A),02-liquid-onyx/videos/03-multi-room-showcase/pinterest-video-pin.txt
14,Pinterest,Pin,The Titanium Wealth,Portrait vs Landscape Comparison (title variant A),07-the-titanium-wealth/images/05-portrait-vs-landscape-comparison/pinterest-pin.txt
14,Pinterest,Pin,She Stands at the Old Door,Portrait vs Landscape Comparison (title variant A),03-she-stands-at-the-old-door/images/05-portrait-vs-landscape-comparison/pinterest-pin.txt
15,Instagram,Reel,The Golden Lion,Texture ASMR Zoom,05-the-golden-lion/videos/02-texture-asmr-zoom/instagram-reel.txt
15,Instagram,Stories (2-3),any,Re-share the post + a question/poll sticker,
15,Pinterest,Video Pin,The Titanium Wealth,Multi-Room Showcase (title variant A),07-the-titanium-wealth/videos/03-multi-room-showcase/pinterest-video-pin.txt
15,Pinterest,Pin,The Letter,Portrait vs Landscape Comparison (title variant A),06-the-letter/images/05-portrait-vs-landscape-comparison/pinterest-pin.txt
15,Pinterest,Pin,The Golden Empress,Close-up Texture Shot (title variant A),04-the-golden-empress/images/06-close-up-texture-shot/pinterest-pin.txt
15,Pinterest,Video Pin,She Stands at the Old Door,Multi-Room Showcase (title variant A),03-she-stands-at-the-old-door/videos/03-multi-room-showcase/pinterest-video-pin.txt
16,Instagram,Post,The Letter,Living Room Mockup,06-the-letter/images/01-living-room-mockup/instagram-post.txt
16,Instagram,Stories (2-3),any,Re-share the post + a question/poll sticker,
16,Pinterest,Pin,The Golden Lion,Close-up Texture Shot (title variant A),05-the-golden-lion/images/06-close-up-texture-shot/pinterest-pin.txt
16,Pinterest,Pin,Fresco of the Gods,Close-up Texture Shot (title variant A),01-fresco-of-the-gods/images/06-close-up-texture-shot/pinterest-pin.txt
16,Pinterest,Video Pin,The Letter,Multi-Room Showcase (title variant A),06-the-letter/videos/03-multi-room-showcase/pinterest-video-pin.txt
16,Pinterest,Pin,Liquid Onyx,Close-up Texture Shot (title variant A),02-liquid-onyx/images/06-close-up-texture-shot/pinterest-pin.txt
17,Instagram,Reel,Fresco of the Gods,Texture ASMR Zoom,01-fresco-of-the-gods/videos/02-texture-asmr-zoom/instagram-reel.txt
17,Instagram,Stories (2-3),any,Re-share the post + a question/poll sticker,
17,Pinterest,Pin,The Titanium Wealth,Close-up Texture Shot (title variant A),07-the-titanium-wealth/images/06-close-up-texture-shot/pinterest-pin.txt
17,Pinterest,Pin,She Stands at the Old Door,Close-up Texture Shot (title variant A),03-she-stands-at-the-old-door/images/06-close-up-texture-shot/pinterest-pin.txt
17,Pinterest,Pin,The Letter,Close-up Texture Shot (title variant A),06-the-letter/images/06-close-up-texture-shot/pinterest-pin.txt
17,Pinterest,Pin,The Golden Empress,Living Room Mockup (title variant B),04-the-golden-empress/images/01-living-room-mockup/pinterest-pin.txt
18,Instagram,Post,Gold Series Duo,Gold Series Duo Collage,00-master/bundle-collages/01-gold-series-duo-collage/instagram-post.txt
18,Instagram,Stories (2-3),any,Re-share the post + a question/poll sticker,
18,Pinterest,Pin,The Golden Lion,Office Mockup (title variant B),05-the-golden-lion/images/01-office-mockup/pinterest-pin.txt
18,Pinterest,Video Pin,The Golden Empress,Wall Reveal Transformation (title variant B),04-the-golden-empress/videos/01-wall-reveal-transformation/pinterest-video-pin.txt
18,Pinterest,Pin,Fresco of the Gods,Living Room Mockup (title variant B),01-fresco-of-the-gods/images/01-living-room-mockup/pinterest-pin.txt
18,Pinterest,Pin,Liquid Onyx,Living Room Mockup (title variant B),02-liquid-onyx/images/01-living-room-mockup/pinterest-pin.txt
19,Instagram,Reel,Liquid Onyx,Texture ASMR Zoom,02-liquid-onyx/videos/02-texture-asmr-zoom/instagram-reel.txt
19,Instagram,Stories (2-3),any,Re-share the post + a question/poll sticker,
19,Pinterest,Video Pin,The Golden Lion,Wall Reveal Transformation (title variant B),05-the-golden-lion/videos/01-wall-reveal-transformation/pinterest-video-pin.txt
19,Pinterest,Pin,The Titanium Wealth,Living Room Mockup (title variant B),07-the-titanium-wealth/images/01-living-room-mockup/pinterest-pin.txt
19,Pinterest,Pin,She Stands at the Old Door,Living Room Mockup (title variant B),03-she-stands-at-the-old-door/images/01-living-room-mockup/pinterest-pin.txt
19,Pinterest,Video Pin,Fresco of the Gods,Wall Reveal Transformation (title variant B),01-fresco-of-the-gods/videos/01-wall-reveal-transformation/pinterest-video-pin.txt
20,Instagram,Reel,The Titanium Wealth,Texture ASMR Zoom,07-the-titanium-wealth/videos/02-texture-asmr-zoom/instagram-reel.txt
20,Instagram,Stories (2-3),any,Re-share the post + a question/poll sticker,
20,Pinterest,Pin,The Letter,Living Room Mockup (title variant B),06-the-letter/images/01-living-room-mockup/pinterest-pin.txt
20,Pinterest,Pin,Gold Series Duo,Gold Series Duo Collage (title variant B),00-master/bundle-collages/01-gold-series-duo-collage/pinterest-pin.txt
20,Pinterest,Video Pin,Liquid Onyx,Wall Reveal Transformation (title variant B),02-liquid-onyx/videos/01-wall-reveal-transformation/pinterest-video-pin.txt
20,Pinterest,Pin,The Golden Empress,Bedroom Mockup (title variant B),04-the-golden-empress/images/02-bedroom-mockup/pinterest-pin.txt
21,Instagram,Post,The Golden Empress,Bedroom Mockup,04-the-golden-empress/images/02-bedroom-mockup/instagram-post.txt
21,Instagram,Stories (2-3),any,Re-share the post + a question/poll sticker,
21,Pinterest,Pin,The Golden Lion,Living Room Mockup (title variant B),05-the-golden-lion/images/02-living-room-mockup/pinterest-pin.txt
21,Pinterest,Video Pin,The Titanium Wealth,Wall Reveal Transformation (title variant B),07-the-titanium-wealth/videos/01-wall-reveal-transformation/pinterest-video-pin.txt
21,Pinterest,Pin,Fresco of the Gods,Bedroom Mockup (title variant B),01-fresco-of-the-gods/images/02-bedroom-mockup/pinterest-pin.txt
21,Pinterest,Pin,Liquid Onyx,Bedroom Mockup (title variant B),02-liquid-onyx/images/02-bedroom-mockup/pinterest-pin.txt
22,Instagram,Reel,She Stands at the Old Door,Texture ASMR Zoom,03-she-stands-at-the-old-door/videos/02-texture-asmr-zoom/instagram-reel.txt
22,Instagram,Stories (2-3),any,Re-share the post + a question/poll sticker,
22,Pinterest,Video Pin,She Stands at the Old Door,Door Reveal Transformation (title variant B),03-she-stands-at-the-old-door/videos/01-door-reveal-transformation/pinterest-video-pin.txt
22,Pinterest,Pin,The Titanium Wealth,Office Mockup (title variant B),07-the-titanium-wealth/images/02-office-mockup/pinterest-pin.txt
22,Pinterest,Pin,She Stands at the Old Door,Reading Nook Mockup (title variant B),03-she-stands-at-the-old-door/images/02-reading-nook-mockup/pinterest-pin.txt
22,Pinterest,Video Pin,The Letter,Candlelight Reveal (title variant B),06-the-letter/videos/01-candlelight-reveal/pinterest-video-pin.txt
23,Instagram,Post,The Golden Lion,Living Room Mockup,05-the-golden-lion/images/02-living-room-mockup/instagram-post.txt
23,Instagram,Stories (2-3),any,Re-share the post + a question/poll sticker,
23,Pinterest,Pin,The Letter,Reading Nook Mockup (title variant B),06-the-letter/images/02-reading-nook-mockup/pinterest-pin.txt
23,Pinterest,Pin,Luxe Abstract Duo,Luxe Abstract Duo Collage (title variant B),00-master/bundle-collages/02-luxe-abstract-duo-collage/pinterest-pin.txt
23,Pinterest,Video Pin,The Golden Empress,Texture ASMR Zoom (title variant B),04-the-golden-empress/videos/02-texture-asmr-zoom/pinterest-video-pin.txt
23,Pinterest,Pin,The Golden Empress,Office / Study Mockup (title variant B),04-the-golden-empress/images/03-office-study-mockup/pinterest-pin.txt
24,Instagram,Reel,The Letter,Texture ASMR Zoom,06-the-letter/videos/02-texture-asmr-zoom/instagram-reel.txt
24,Instagram,Stories (2-3),any,Re-share the post + a question/poll sticker,
24,Pinterest,Pin,The Golden Lion,Study Room Mockup (title variant B),05-the-golden-lion/images/03-study-room-mockup/pinterest-pin.txt
24,Pinterest,Video Pin,The Golden Lion,Texture ASMR Zoom (title variant B),05-the-golden-lion/videos/02-texture-asmr-zoom/pinterest-video-pin.txt
24,Pinterest,Pin,Fresco of the Gods,Hallway / Entryway Mockup (title variant B),01-fresco-of-the-gods/images/03-hallway-entryway-mockup/pinterest-pin.txt
24,Pinterest,Pin,Liquid Onyx,Office / Study Mockup (title variant B),02-liquid-onyx/images/03-office-study-mockup/pinterest-pin.txt
25,Instagram,Post,Fresco of the Gods,Bedroom Mockup,01-fresco-of-the-gods/images/02-bedroom-mockup/instagram-post.txt
25,Instagram,Stories (2-3),any,Re-share the post + a question/poll sticker,
25,Pinterest,Video Pin,Fresco of the Gods,Texture ASMR Zoom (title variant B),01-fresco-of-the-gods/videos/02-texture-asmr-zoom/pinterest-video-pin.txt
25,Pinterest,Pin,The Titanium Wealth,Bedroom Mockup (title variant B),07-the-titanium-wealth/images/03-bedroom-mockup/pinterest-pin.txt
25,Pinterest,Pin,She Stands at the Old Door,Bedroom Mockup (title variant B),03-she-stands-at-the-old-door/images/03-bedroom-mockup/pinterest-pin.txt
25,Pinterest,Video Pin,Liquid Onyx,Texture ASMR Zoom (title variant B),02-liquid-onyx/videos/02-texture-asmr-zoom/pinterest-video-pin.txt
26,Instagram,Reel,The Golden Empress,Multi-Room Showcase,04-the-golden-empress/videos/03-multi-room-showcase/instagram-reel.txt
26,Instagram,Stories (2-3),any,Re-share the post + a question/poll sticker,
26,Pinterest,Pin,The Letter,Bedroom Mockup (title variant B),06-the-letter/images/03-bedroom-mockup/pinterest-pin.txt
26,Pinterest,Pin,Storybook Diptych,Storybook Diptych Collage (title variant B),00-master/bundle-collages/03-storybook-diptych-collage/pinterest-pin.txt
26,Pinterest,Video Pin,The Titanium Wealth,Texture ASMR Zoom (title variant B),07-the-titanium-wealth/videos/02-texture-asmr-zoom/pinterest-video-pin.txt
26,Pinterest,Pin,The Golden Empress,Hallway Mockup (title variant B),04-the-golden-empress/images/04-hallway-mockup/pinterest-pin.txt
27,Instagram,Reel,The Golden Lion,Multi-Room Showcase,05-the-golden-lion/videos/03-multi-room-showcase/instagram-reel.txt
27,Instagram,Stories (2-3),any,Re-share the post + a question/poll sticker,
27,Pinterest,Pin,The Golden Lion,Hallway Mockup (title variant B),05-the-golden-lion/images/04-hallway-mockup/pinterest-pin.txt
27,Pinterest,Video Pin,She Stands at the Old Door,Texture ASMR Zoom (title variant B),03-she-stands-at-the-old-door/videos/02-texture-asmr-zoom/pinterest-video-pin.txt
27,Pinterest,Pin,Fresco of the Gods,Office / Study Mockup (title variant B),01-fresco-of-the-gods/images/04-office-study-mockup/pinterest-pin.txt
27,Pinterest,Pin,Liquid Onyx,Hallway Mockup (title variant B),02-liquid-onyx/images/04-hallway-mockup/pinterest-pin.txt
28,Instagram,Post,Liquid Onyx,Bedroom Mockup,02-liquid-onyx/images/02-bedroom-mockup/instagram-post.txt
28,Instagram,Stories (2-3),any,Re-share the post + a question/poll sticker,
28,Pinterest,Video Pin,The Letter,Texture ASMR Zoom (title variant B),06-the-letter/videos/02-texture-asmr-zoom/pinterest-video-pin.txt
28,Pinterest,Pin,The Titanium Wealth,Hallway Mockup (title variant B),07-the-titanium-wealth/images/04-hallway-mockup/pinterest-pin.txt
28,Pinterest,Pin,She Stands at the Old Door,Hallway Mockup (title variant B),03-she-stands-at-the-old-door/images/04-hallway-mockup/pinterest-pin.txt
28,Pinterest,Video Pin,The Golden Empress,Multi-Room Showcase (title variant B),04-the-golden-empress/videos/03-multi-room-showcase/pinterest-video-pin.txt
29,Instagram,Reel,Fresco of the Gods,Multi-Room Showcase,01-fresco-of-the-gods/videos/03-multi-room-showcase/instagram-reel.txt
29,Instagram,Stories (2-3),any,Re-share the post + a question/poll sticker,
29,Pinterest,Pin,The Letter,Hallway Mockup (title variant B),06-the-letter/images/04-hallway-mockup/pinterest-pin.txt
29,Pinterest,Pin,Full Collection (all 7),Full Store Collage (All 7 Art) (title variant B),00-master/bundle-collages/04-full-store-collage-all-7-art/pinterest-pin.txt
29,Pinterest,Video Pin,The Golden Lion,Multi-Room Showcase (title variant B),05-the-golden-lion/videos/03-multi-room-showcase/pinterest-video-pin.txt
29,Pinterest,Pin,The Golden Empress,Portrait vs Landscape Comparison (title variant B),04-the-golden-empress/images/05-portrait-vs-landscape-comparison/pinterest-pin.txt
30,Instagram,Post,The Titanium Wealth,Office Mockup,07-the-titanium-wealth/images/02-office-mockup/instagram-post.txt
30,Instagram,Stories (2-3),any,Re-share the post + a question/poll sticker,
30,Pinterest,Pin,The Golden Lion,Portrait vs Landscape Comparison (title variant B),05-the-golden-lion/images/05-portrait-vs-landscape-comparison/pinterest-pin.txt
30,Pinterest,Video Pin,Fresco of the Gods,Multi-Room Showcase (title variant B),01-fresco-of-the-gods/videos/03-multi-room-showcase/pinterest-video-pin.txt
30,Pinterest,Pin,Fresco of the Gods,Portrait vs Landscape Comparison (title variant B),01-fresco-of-the-gods/images/05-portrait-vs-landscape-comparison/pinterest-pin.txt
30,Pinterest,Pin,Liquid Onyx,Portrait vs Landscape Comparison (title variant B),02-liquid-onyx/images/05-portrait-vs-landscape-comparison/pinterest-pin.txt
