id,art,type,label,folder,size,reference_file,prompt
1,Fresco of the Gods,image,Living Room Mockup,01-fresco-of-the-gods/images/01-living-room-mockup,Instagram Feed Post: 1080x1350px (4:5 portrait) | Pinterest Pin: 1000x1500px (2:3 portrait).,Use the LANDSCAPE version of your artwork file for this mockup.,"SIZE / ASPECT RATIO: Instagram Feed Post: 1080x1350px (4:5 portrait) | Pinterest Pin: 1000x1500px (2:3 portrait).
ARTWORK REFERENCE: Use the LANDSCAPE version of your artwork file for this mockup.

Editorial interior photography shot on a 35mm lens at f/2.8, shallow depth of field. A cracked golden Renaissance fresco painting of winged angels in flowing sapphire-blue robes hangs above a cream boucle sofa in a sunlit living room. Warm afternoon light streams through sheer linen curtains, casting soft diagonal shadows across a plaster wall. A small antique brass vase with dried pampas grass sits on a walnut side table beside the sofa. Color palette: warm cream, gold, deep blue. Mood: quiet old-world luxury, magazine cover quality, soft natural grain, no harsh shadows."
2,Fresco of the Gods,image,Bedroom Mockup,01-fresco-of-the-gods/images/02-bedroom-mockup,Instagram Feed Post: 1080x1350px (4:5 portrait) | Pinterest Pin: 1000x1500px (2:3 portrait).,Use the PORTRAIT version of your artwork file for this mockup.,"SIZE / ASPECT RATIO: Instagram Feed Post: 1080x1350px (4:5 portrait) | Pinterest Pin: 1000x1500px (2:3 portrait).
ARTWORK REFERENCE: Use the PORTRAIT version of your artwork file for this mockup.

Interior design photography, warm evening ambiance, 50mm lens, soft bokeh in the background. The angel fresco painting hangs above a dark walnut headboard in a cozy bedroom. A brass bedside lamp casts a warm amber glow across linen bedding in muted ivory tones. A lit candle flickers on the nightstand beside a leather-bound book. The fresco's gold leaf catches the lamp light subtly. Overall mood: intimate, old-world romantic, cinematic warm color grade."
3,Fresco of the Gods,image,Hallway / Entryway Mockup,01-fresco-of-the-gods/images/03-hallway-entryway-mockup,Instagram Feed Post: 1080x1350px (4:5 portrait) | Pinterest Pin: 1000x1500px (2:3 portrait).,Use the PORTRAIT version of your artwork file for this mockup.,"SIZE / ASPECT RATIO: Instagram Feed Post: 1080x1350px (4:5 portrait) | Pinterest Pin: 1000x1500px (2:3 portrait).
ARTWORK REFERENCE: Use the PORTRAIT version of your artwork file for this mockup.

Moody editorial interior photograph, narrow elegant hallway with herringbone dark wood flooring. The fresco painting hangs centered above a slim marble-topped console table holding a cluster of dried eucalyptus in a ceramic vase. A single warm brass wall sconce beside the painting throws a soft pool of golden light across the plaster wall texture, leaving the edges of the hallway in soft shadow. Composition: vertical, centered, dramatic chiaroscuro lighting, luxury boutique hotel aesthetic."
4,Fresco of the Gods,image,Office / Study Mockup,01-fresco-of-the-gods/images/04-office-study-mockup,Instagram Feed Post: 1080x1350px (4:5 portrait) | Pinterest Pin: 1000x1500px (2:3 portrait).,Use the PORTRAIT version of your artwork file for this mockup.,"SIZE / ASPECT RATIO: Instagram Feed Post: 1080x1350px (4:5 portrait) | Pinterest Pin: 1000x1500px (2:3 portrait).
ARTWORK REFERENCE: Use the PORTRAIT version of your artwork file for this mockup.

Cinematic interior photography of a classic study room. The fresco painting hangs above a dark mahogany writing desk with a worn leather chair tucked beneath it. A brass banker's lamp is switched on, its warm light pooling across scattered papers and a fountain pen. Out-of-focus bookshelves fill the background in soft shadow. Mood: scholarly, warm, timeless, slightly desaturated except for the gold tones in the fresco and lamp light."
5,Fresco of the Gods,image,Portrait vs Landscape Comparison,01-fresco-of-the-gods/images/05-portrait-vs-landscape-comparison,Instagram Feed Post: 1080x1350px (4:5 portrait) | Pinterest Pin: 1000x1500px (2:3 portrait).,Upload BOTH your portrait and landscape artwork files - this image shows them side by side.,"SIZE / ASPECT RATIO: Instagram Feed Post: 1080x1350px (4:5 portrait) | Pinterest Pin: 1000x1500px (2:3 portrait).
ARTWORK REFERENCE: Upload BOTH your portrait and landscape artwork files - this image shows them side by side.

Clean side-by-side comparison photograph, studio product photography style. On the left, the Renaissance angel fresco artwork framed in portrait orientation on a warm stone-textured wall. On the right, the same artwork framed in landscape orientation on an identical wall, same lighting setup. Soft symmetrical gallery lighting from above, no harsh shadows, true-to-color reproduction so fabric and gold leaf tones read accurately. Minimal, clean, e-commerce-ready composition."
6,Fresco of the Gods,image,Close-up Texture Shot,01-fresco-of-the-gods/images/06-close-up-texture-shot,Instagram Feed Post / Story: 1080x1080px (1:1 square) | Pinterest Pin: 1000x1500px (2:3 portrait crop also works).,Use EITHER version of your artwork file (portrait recommended).,"SIZE / ASPECT RATIO: Instagram Feed Post / Story: 1080x1080px (1:1 square) | Pinterest Pin: 1000x1500px (2:3 portrait crop also works).
ARTWORK REFERENCE: Use EITHER version of your artwork file (portrait recommended).

Macro product photography, 100mm macro lens, extremely shallow depth of field. Close-up of the cracked antique fresco surface showing fine craquelure lines running through gold leaf and faded sapphire-blue drapery pigment. Directional raking light from the left highlights every ridge and crack in the texture, creating a tactile, almost three-dimensional feel. Mood: museum-grade detail shot, warm gold tones dominant, soft falloff to shadow on the right edge of frame."
7,Fresco of the Gods,video,Wall Reveal Transformation,01-fresco-of-the-gods/videos/01-wall-reveal-transformation,Instagram Reel: 1080x1920px (9:16 vertical) | Pinterest Video Pin: 1080x1920px (9:16 vertical),PORTRAIT artwork file,"SIZE / ASPECT RATIO: Instagram Reel: 1080x1920px (9:16 vertical) | Pinterest Video Pin: 1080x1920px (9:16 vertical)
ARTWORK REFERENCE: Use the PORTRAIT version of your artwork file as visual reference.

Cinematic video, slow continuous dolly-in camera movement, 10 seconds duration. Scene begins on an empty rustic stone wall in dim warm light, textured plaster visible, soft dust particles drifting through a beam of light entering from the left. As the camera slowly pushes forward, a cracked golden Renaissance fresco painting of angels in flowing blue robes gradually fades into view on the wall, as if being gently illuminated by rising candlelight. By the end of the 10 seconds, the full fresco is visible, bathed in warm glowing light. Elegant art-gallery atmosphere, muted gold and blue color grade, no text overlays, cinematic film grain.

VOICE-OVER (English, calm, deep, slow pace — first half of the line): ""Some paintings don't just hang on a wall...""

BACKGROUND MUSIC: soft orchestral strings with a faint distant choir hum, Gregorian-chant inspired, very low volume, reverent and slow. ||| SIZE / ASPECT RATIO: Instagram Reel: 1080x1920px (9:16 vertical) | Pinterest Video Pin: 1080x1920px (9:16 vertical)
ARTWORK REFERENCE: Use the PORTRAIT version of your artwork file as visual reference.

Cinematic video, extreme close-up macro shot, slow continuous panning camera movement, 6 seconds duration. Camera slowly glides across the cracked antique fresco surface, revealing fine gold leaf texture and sapphire-blue drapery detail in extreme close-up. Light flickers gently across the gold surface as if from a nearby candle, catching every ridge and crack. Same warm museum-lighting atmosphere and color grade as the previous clip for visual continuity. No text overlays.

VOICE-OVER (English, calm, deep, slow pace — second half of the line, continuing naturally): ""...they tell a story that has waited centuries to be heard.""

BACKGROUND MUSIC: continue the same soft orchestral strings with faint choir hum, slightly swelling toward the final second."
8,Fresco of the Gods,video,Texture ASMR Zoom,01-fresco-of-the-gods/videos/02-texture-asmr-zoom,Instagram Reel: 1080x1920px (9:16 vertical) | Pinterest Video Pin: 1080x1920px (9:16 vertical),PORTRAIT artwork file,"SIZE / ASPECT RATIO: Instagram Reel: 1080x1920px (9:16 vertical) | Pinterest Video Pin: 1080x1920px (9:16 vertical)
ARTWORK REFERENCE: Use the PORTRAIT version of your artwork file as visual reference.

Slow, extremely smooth macro zoom video, 10 seconds duration, no cuts. Camera glides steadily across the cracked golden surface of the Renaissance fresco painting, light shifting gradually across gold leaf ridges and faded blue pigment as the camera moves. Warm gallery lighting throughout, soft satisfying visual texture, almost ASMR-like smoothness in the camera motion. No text overlays.

VOICE-OVER (English, soft, almost whispering, reverent tone): ""Look closer.""

BACKGROUND MUSIC: minimal ambient piano with subtle reverb, very slow and meditative. ||| SIZE / ASPECT RATIO: Instagram Reel: 1080x1920px (9:16 vertical) | Pinterest Video Pin: 1080x1920px (9:16 vertical)
ARTWORK REFERENCE: Use the PORTRAIT version of your artwork file as visual reference.

Slow cinematic pull-back camera movement, 6 seconds duration, continuing directly from the previous macro close-up. Camera gradually pulls back from the gold leaf detail to reveal the full angel figures with wings extended, still bathed in warm flickering light. Same color grade and lighting mood as Part 1. No text overlays.

VOICE-OVER (English, soft, whispering, reverent tone, continuing the thought): ""Every crack here holds centuries of gold, and light, and time.""

BACKGROUND MUSIC: continue the same minimal ambient piano, building gently in the final two seconds."
9,Fresco of the Gods,video,Multi-Room Showcase,01-fresco-of-the-gods/videos/03-multi-room-showcase,Instagram Reel: 1080x1920px (9:16 vertical) | Pinterest Video Pin: 1080x1920px (9:16 vertical),PORTRAIT artwork file,"SIZE / ASPECT RATIO: Instagram Reel: 1080x1920px (9:16 vertical) | Pinterest Video Pin: 1080x1920px (9:16 vertical)
ARTWORK REFERENCE: Use the PORTRAIT version of your artwork file as visual reference.

Cinematic montage video, 10 seconds duration, consistent warm luxury color grading throughout. First 5 seconds: the angel fresco painting shown above a cream sofa in a sunlit living room, gentle camera drift to the right, golden afternoon light. Smooth cross-dissolve transition at the 5 second mark into the next 5 seconds: the same painting now shown above a dark walnut headboard in a warm, dimly lit bedroom, gentle camera drift to the left, candlelight glow. No text overlays.

VOICE-OVER (English, confident, warm tone): ""One piece.""

BACKGROUND MUSIC: cinematic string swell, building slowly, elegant and uplifting. ||| SIZE / ASPECT RATIO: Instagram Reel: 1080x1920px (9:16 vertical) | Pinterest Video Pin: 1080x1920px (9:16 vertical)
ARTWORK REFERENCE: Use the PORTRAIT version of your artwork file as visual reference.

Cinematic video, 6 seconds duration, continuing directly from the bedroom scene. The same fresco painting is now shown hanging in an elegant hallway above a marble console table, warm sconce lighting, gentle camera drift forward. Same warm luxury color grade as the previous two scenes for continuity. No text overlays.

VOICE-OVER (English, confident, warm tone, continuing the line): ""Any room. Timeless, wherever it belongs.""

BACKGROUND MUSIC: continue the same cinematic string swell, reaching a soft crescendo in the final two seconds."
10,Liquid Onyx,image,Living Room Mockup,02-liquid-onyx/images/01-living-room-mockup,Instagram Feed Post: 1080x1350px (4:5 portrait) | Pinterest Pin: 1000x1500px (2:3 portrait).,Use the LANDSCAPE version of your artwork file for this mockup.,"SIZE / ASPECT RATIO: Instagram Feed Post: 1080x1350px (4:5 portrait) | Pinterest Pin: 1000x1500px (2:3 portrait).
ARTWORK REFERENCE: Use the LANDSCAPE version of your artwork file for this mockup.

Moody luxury interior photography, 35mm lens, dramatic single-source side lighting. A black marble abstract painting with liquid silver veins hangs above a charcoal bouclé sofa in a minimalist living room with a raw concrete accent wall. A single sculptural potted plant sits in the corner, mostly in shadow. The metallic silver streak in the painting catches the directional light sharply, creating a strong focal highlight against the dark palette. Mood: high-end minimalist, architectural digest style, deep shadow contrast."
11,Liquid Onyx,image,Bedroom Mockup,02-liquid-onyx/images/02-bedroom-mockup,Instagram Feed Post: 1080x1350px (4:5 portrait) | Pinterest Pin: 1000x1500px (2:3 portrait).,Use the PORTRAIT version of your artwork file for this mockup.,"SIZE / ASPECT RATIO: Instagram Feed Post: 1080x1350px (4:5 portrait) | Pinterest Pin: 1000x1500px (2:3 portrait).
ARTWORK REFERENCE: Use the PORTRAIT version of your artwork file for this mockup.

Modern luxury interior photography, dramatic single warm pendant light source from above. The black and silver abstract painting hangs above a platform bed dressed in dark charcoal linen sheets. Strong directional shadows fall across the minimalist bedroom walls. The painting's silver vein catches the pendant light, creating a striking metallic glint against the otherwise dark, moody composition."
12,Liquid Onyx,image,Office / Study Mockup,02-liquid-onyx/images/03-office-study-mockup,Instagram Feed Post: 1080x1350px (4:5 portrait) | Pinterest Pin: 1000x1500px (2:3 portrait).,Use the PORTRAIT version of your artwork file for this mockup.,"SIZE / ASPECT RATIO: Instagram Feed Post: 1080x1350px (4:5 portrait) | Pinterest Pin: 1000x1500px (2:3 portrait).
ARTWORK REFERENCE: Use the PORTRAIT version of your artwork file for this mockup.

Cinematic corner-office photography at dusk. The black marble abstract painting hangs above a glass-topped executive desk with a sleek black ergonomic chair. Floor-to-ceiling windows behind the desk reveal a soft-focus city skyline with glowing lights just beginning to turn on. Interior lighting is minimal and moody, letting the cityscape and the painting's metallic sheen be the focal points."
13,Liquid Onyx,image,Hallway Mockup,02-liquid-onyx/images/04-hallway-mockup,Instagram Feed Post: 1080x1350px (4:5 portrait) | Pinterest Pin: 1000x1500px (2:3 portrait).,Use the PORTRAIT version of your artwork file for this mockup.,"SIZE / ASPECT RATIO: Instagram Feed Post: 1080x1350px (4:5 portrait) | Pinterest Pin: 1000x1500px (2:3 portrait).
ARTWORK REFERENCE: Use the PORTRAIT version of your artwork file for this mockup.

High-end gallery-style interior photograph of a minimalist dark hallway with polished concrete flooring reflecting faint overhead light. The abstract painting hangs centered, illuminated by a single sharp spotlight from above that creates a dramatic pool of light on the black marble surface while the rest of the hallway falls into soft architectural shadow."
14,Liquid Onyx,image,Portrait vs Landscape Comparison,02-liquid-onyx/images/05-portrait-vs-landscape-comparison,Instagram Feed Post: 1080x1350px (4:5 portrait) | Pinterest Pin: 1000x1500px (2:3 portrait).,Upload BOTH your portrait and landscape artwork files - this image shows them side by side.,"SIZE / ASPECT RATIO: Instagram Feed Post: 1080x1350px (4:5 portrait) | Pinterest Pin: 1000x1500px (2:3 portrait).
ARTWORK REFERENCE: Upload BOTH your portrait and landscape artwork files - this image shows them side by side.

Clean studio-style side-by-side comparison. On the left, the black and silver marble abstract artwork framed in portrait orientation on a dark charcoal wall. On the right, the same artwork framed in landscape orientation on an identical wall. Consistent dramatic single-source studio lighting from the upper left on both, true-to-color metallic reproduction, minimal e-commerce-ready composition."
15,Liquid Onyx,image,Close-up Texture Shot,02-liquid-onyx/images/06-close-up-texture-shot,Instagram Feed Post / Story: 1080x1080px (1:1 square) | Pinterest Pin: 1000x1500px (2:3 portrait crop also works).,Use EITHER version of your artwork file (portrait recommended).,"SIZE / ASPECT RATIO: Instagram Feed Post / Story: 1080x1080px (1:1 square) | Pinterest Pin: 1000x1500px (2:3 portrait crop also works).
ARTWORK REFERENCE: Use EITHER version of your artwork file (portrait recommended).

Macro product photography, 100mm macro lens, extremely shallow depth of field. Close-up of molten silver paint flowing like liquid metal across a glossy black marble textured surface. Directional studio light catches the reflective silver streak sharply, creating a bright highlight that fades into deep matte black shadow at the edges of frame. Mood: sleek, tactile, high-contrast luxury detail shot."
16,Liquid Onyx,video,Wall Reveal Transformation,02-liquid-onyx/videos/01-wall-reveal-transformation,Instagram Reel: 1080x1920px (9:16 vertical) | Pinterest Video Pin: 1080x1920px (9:16 vertical),PORTRAIT artwork file,"SIZE / ASPECT RATIO: Instagram Reel: 1080x1920px (9:16 vertical) | Pinterest Video Pin: 1080x1920px (9:16 vertical)
ARTWORK REFERENCE: Use the PORTRAIT version of your artwork file as visual reference.

Cinematic video, slow continuous camera pan, 10 seconds duration. Scene begins on a plain dark modern living room wall with soft ambient light. As the camera pans slowly across the wall, a black marble abstract painting with liquid silver veins gradually fades into view, dramatic side lighting catching the metallic streak as it appears. Moody luxury interior atmosphere, deep shadow contrast, no text overlays, subtle film grain.

VOICE-OVER (English, low, smooth, confident tone — first half of the line): ""Sometimes silence...""

BACKGROUND MUSIC: deep ambient synth pad with a subtle bass pulse, minimal and spacious, modern luxury brand style. ||| SIZE / ASPECT RATIO: Instagram Reel: 1080x1920px (9:16 vertical) | Pinterest Video Pin: 1080x1920px (9:16 vertical)
ARTWORK REFERENCE: Use the PORTRAIT version of your artwork file as visual reference.

Macro close-up video, slow motion, 6 seconds duration, continuing directly from the wall reveal. Camera glides across molten silver paint flowing like liquid metal through the black marble texture, reflective shine shifting as the light source moves subtly. Same moody dark color grade and lighting mood as Part 1. No text overlays.

VOICE-OVER (English, low, smooth, confident tone, continuing the line): ""...is the loudest statement in the room.""

BACKGROUND MUSIC: continue the same deep ambient synth pad, bass pulse intensifying slightly in the final two seconds."
17,Liquid Onyx,video,Texture ASMR Zoom,02-liquid-onyx/videos/02-texture-asmr-zoom,Instagram Reel: 1080x1920px (9:16 vertical) | Pinterest Video Pin: 1080x1920px (9:16 vertical),PORTRAIT artwork file,"SIZE / ASPECT RATIO: Instagram Reel: 1080x1920px (9:16 vertical) | Pinterest Video Pin: 1080x1920px (9:16 vertical)
ARTWORK REFERENCE: Use the PORTRAIT version of your artwork file as visual reference.

Extremely smooth macro zoom video, 10 seconds duration, no cuts. Camera moves steadily across liquid silver paint veins flowing through black marble texture, light sweeping gradually across the glossy reflective surface as the camera travels. Minimal dark ambient mood, no text overlays.

VOICE-OVER (English, whispered, slow tone): ""Texture like this isn't painted.""

BACKGROUND MUSIC: minimal dark ambient with soft metallic chime accents, slow building tension. ||| SIZE / ASPECT RATIO: Instagram Reel: 1080x1920px (9:16 vertical) | Pinterest Video Pin: 1080x1920px (9:16 vertical)
ARTWORK REFERENCE: Use the PORTRAIT version of your artwork file as visual reference.

Slow cinematic pull-back camera movement, 6 seconds duration, continuing directly from the previous macro shot. Camera pulls back to reveal the full black and silver abstract composition under dramatic gallery lighting. Same color grade and lighting mood as Part 1. No text overlays.

VOICE-OVER (English, whispered, slow tone, continuing the line): ""It's poured, captured, frozen in time.""

BACKGROUND MUSIC: continue the same minimal dark ambient with metallic chimes, soft swell in the last two seconds."
18,Liquid Onyx,video,Multi-Room Showcase,02-liquid-onyx/videos/03-multi-room-showcase,Instagram Reel: 1080x1920px (9:16 vertical) | Pinterest Video Pin: 1080x1920px (9:16 vertical),PORTRAIT artwork file,"SIZE / ASPECT RATIO: Instagram Reel: 1080x1920px (9:16 vertical) | Pinterest Video Pin: 1080x1920px (9:16 vertical)
ARTWORK REFERENCE: Use the PORTRAIT version of your artwork file as visual reference.

Cinematic montage video, 10 seconds duration, consistent moody dark color grading. First 5 seconds: the black and silver abstract painting shown above a modern charcoal sofa, gentle camera drift, dramatic side light. Smooth cross-dissolve at the 5 second mark into the next 5 seconds: the same painting shown above a minimalist platform bed, warm pendant light glow, gentle camera drift. No text overlays.

VOICE-OVER (English, bold, modern tone): ""Bold enough for the office.""

BACKGROUND MUSIC: cinematic trap-lite instrumental with deep bass, luxury brand commercial style. ||| SIZE / ASPECT RATIO: Instagram Reel: 1080x1920px (9:16 vertical) | Pinterest Video Pin: 1080x1920px (9:16 vertical)
ARTWORK REFERENCE: Use the PORTRAIT version of your artwork file as visual reference.

Cinematic video, 6 seconds duration, continuing directly from the bedroom scene. The same painting now shown above a sleek glass executive desk with a soft-focus city skyline at dusk behind it, gentle camera drift forward. Same moody dark color grade as previous scenes. No text overlays.

VOICE-OVER (English, bold, modern tone, continuing the line): ""Elegant enough for home.""

BACKGROUND MUSIC: continue the same cinematic trap-lite instrumental, building toward a confident finish."
19,She Stands at the Old Door,image,Living Room Mockup,03-she-stands-at-the-old-door/images/01-living-room-mockup,Instagram Feed Post: 1080x1350px (4:5 portrait) | Pinterest Pin: 1000x1500px (2:3 portrait).,Use the LANDSCAPE version of your artwork file for this mockup.,"SIZE / ASPECT RATIO: Instagram Feed Post: 1080x1350px (4:5 portrait) | Pinterest Pin: 1000x1500px (2:3 portrait).
ARTWORK REFERENCE: Use the LANDSCAPE version of your artwork file for this mockup.

Warm cottagecore interior photography, soft natural window light, 35mm lens. A watercolor-style painting of a woman standing at an open wooden door gazing at golden autumn countryside hangs above a beige linen sofa. A cozy cream knitted throw is draped over the armrest, and a warm reading lamp glows softly nearby even in daylight. Mood: nostalgic, soft, golden-hour warmth, gentle film grain, magazine-quality cottage styling."
20,She Stands at the Old Door,image,Reading Nook Mockup,03-she-stands-at-the-old-door/images/02-reading-nook-mockup,Instagram Feed Post: 1080x1350px (4:5 portrait) | Pinterest Pin: 1000x1500px (2:3 portrait).,Use the PORTRAIT version of your artwork file for this mockup.,"SIZE / ASPECT RATIO: Instagram Feed Post: 1080x1350px (4:5 portrait) | Pinterest Pin: 1000x1500px (2:3 portrait).
ARTWORK REFERENCE: Use the PORTRAIT version of your artwork file for this mockup.

Cozy storybook interior photograph, warm afternoon light filtering through lace curtains. The autumn countryside watercolor painting hangs above a vintage tufted armchair beside a small round wooden side table holding an open book and a steaming teacup. Soft dust motes visible in the light beam. Mood: intimate reading corner, warm golden tones, slightly soft focus at the edges."
21,She Stands at the Old Door,image,Bedroom Mockup,03-she-stands-at-the-old-door/images/03-bedroom-mockup,Instagram Feed Post: 1080x1350px (4:5 portrait) | Pinterest Pin: 1000x1500px (2:3 portrait).,Use the PORTRAIT version of your artwork file for this mockup.,"SIZE / ASPECT RATIO: Instagram Feed Post: 1080x1350px (4:5 portrait) | Pinterest Pin: 1000x1500px (2:3 portrait).
ARTWORK REFERENCE: Use the PORTRAIT version of your artwork file for this mockup.

Farmhouse cottage bedroom photography, soft diffused morning light. The watercolor painting hangs above a white iron bed frame dressed in cream linen bedding. A small glass vase of dried lavender sits on the wooden nightstand. Mood: airy, calm, pastel-warm color grade, gentle natural shadows."
22,She Stands at the Old Door,image,Hallway Mockup,03-she-stands-at-the-old-door/images/04-hallway-mockup,Instagram Feed Post: 1080x1350px (4:5 portrait) | Pinterest Pin: 1000x1500px (2:3 portrait).,Use the PORTRAIT version of your artwork file for this mockup.,"SIZE / ASPECT RATIO: Instagram Feed Post: 1080x1350px (4:5 portrait) | Pinterest Pin: 1000x1500px (2:3 portrait).
ARTWORK REFERENCE: Use the PORTRAIT version of your artwork file for this mockup.

Rustic charm interior photograph of a cozy cottage hallway. The watercolor painting hangs above a small reclaimed-wood bench with a woven basket of fallen autumn leaves beneath it. A warm wall lantern casts a soft golden glow across the textured plaster wall. Mood: welcoming, lived-in, warm autumnal palette."
23,She Stands at the Old Door,image,Portrait vs Landscape Comparison,03-she-stands-at-the-old-door/images/05-portrait-vs-landscape-comparison,Instagram Feed Post: 1080x1350px (4:5 portrait) | Pinterest Pin: 1000x1500px (2:3 portrait).,Upload BOTH your portrait and landscape artwork files - this image shows them side by side.,"SIZE / ASPECT RATIO: Instagram Feed Post: 1080x1350px (4:5 portrait) | Pinterest Pin: 1000x1500px (2:3 portrait).
ARTWORK REFERENCE: Upload BOTH your portrait and landscape artwork files - this image shows them side by side.

Clean side-by-side comparison photograph. On the left, the autumn countryside watercolor artwork framed in portrait orientation on a warm cream wall. On the right, the same artwork framed in landscape orientation on an identical wall. Soft diffused natural lighting on both, true-to-color watercolor reproduction, minimal composition for easy comparison."
24,She Stands at the Old Door,image,Close-up Texture Shot,03-she-stands-at-the-old-door/images/06-close-up-texture-shot,Instagram Feed Post / Story: 1080x1080px (1:1 square) | Pinterest Pin: 1000x1500px (2:3 portrait crop also works).,Use EITHER version of your artwork file (portrait recommended).,"SIZE / ASPECT RATIO: Instagram Feed Post / Story: 1080x1080px (1:1 square) | Pinterest Pin: 1000x1500px (2:3 portrait crop also works).
ARTWORK REFERENCE: Use EITHER version of your artwork file (portrait recommended).

Macro photography of watercolor paper texture, 100mm macro lens, shallow depth of field. Close-up on golden autumn tree brushstrokes with visible soft pigment bleeds and fine cold-press paper grain. Warm natural side-lighting highlights the paper's tactile texture. Mood: delicate, handcrafted, warm amber tones."
25,She Stands at the Old Door,video,Door Reveal Transformation,03-she-stands-at-the-old-door/videos/01-door-reveal-transformation,Instagram Reel: 1080x1920px (9:16 vertical) | Pinterest Video Pin: 1080x1920px (9:16 vertical),PORTRAIT artwork file,"SIZE / ASPECT RATIO: Instagram Reel: 1080x1920px (9:16 vertical) | Pinterest Video Pin: 1080x1920px (9:16 vertical)
ARTWORK REFERENCE: Use the PORTRAIT version of your artwork file as visual reference.

Watercolor-style animated cinematic video, 10 seconds duration. Scene begins on a closed wooden door in soft morning light. Over the course of the clip, the door slowly opens, revealing golden autumn countryside beyond it — rolling hills, a winding dirt path, and amber-leaved trees. A woman in a dark dress steps toward the light, her silhouette gently animated. Warm golden-hour glow, gentle wind moving through the trees, storybook illustration style coming subtly to life. No text overlays.

VOICE-OVER (English, warm, gentle, storytelling tone — first half of the line): ""Every door she opens leads her somewhere she's never been...""

BACKGROUND MUSIC: soft acoustic guitar fingerpicking with light strings underneath, nostalgic and warm, gentle tempo. ||| SIZE / ASPECT RATIO: Instagram Reel: 1080x1920px (9:16 vertical) | Pinterest Video Pin: 1080x1920px (9:16 vertical)
ARTWORK REFERENCE: Use the PORTRAIT version of your artwork file as visual reference.

Cinematic video, 6 seconds duration, continuing directly from the door opening. Close-up on the golden autumn trees and winding countryside path glowing in warm sunset light, leaves gently falling and drifting across the frame. Same watercolor illustration style and warm color grade as Part 1. No text overlays.

VOICE-OVER (English, warm, gentle tone, continuing the line): ""...and somehow, always home.""

BACKGROUND MUSIC: continue the same soft acoustic guitar and strings, gentle crescendo in the final two seconds."
26,She Stands at the Old Door,video,Texture ASMR Zoom,03-she-stands-at-the-old-door/videos/02-texture-asmr-zoom,Instagram Reel: 1080x1920px (9:16 vertical) | Pinterest Video Pin: 1080x1920px (9:16 vertical),PORTRAIT artwork file,"SIZE / ASPECT RATIO: Instagram Reel: 1080x1920px (9:16 vertical) | Pinterest Video Pin: 1080x1920px (9:16 vertical)
ARTWORK REFERENCE: Use the PORTRAIT version of your artwork file as visual reference.

Slow macro zoom video, 10 seconds duration. Camera moves gently across watercolor paper texture showing golden autumn brushstrokes and soft pigment blending, warm natural light throughout. Smooth, continuous camera motion, no cuts, no text overlays.

VOICE-OVER (English, soft, intimate tone): ""This is the kind of art...""

BACKGROUND MUSIC: gentle piano melody with soft ambient pads underneath, cozy and reflective, slow tempo. ||| SIZE / ASPECT RATIO: Instagram Reel: 1080x1920px (9:16 vertical) | Pinterest Video Pin: 1080x1920px (9:16 vertical)
ARTWORK REFERENCE: Use the PORTRAIT version of your artwork file as visual reference.

Slow cinematic pull-back video, 6 seconds duration, continuing directly from the texture close-up. Camera pulls back gradually to reveal the full countryside scene with the woman's silhouette standing at the doorway. Same warm watercolor color grade as Part 1. No text overlays.

VOICE-OVER (English, soft, intimate tone, continuing the line): ""...that makes you want to step inside the frame.""

BACKGROUND MUSIC: continue the same gentle piano and ambient pads, soft swell in the final two seconds."
27,She Stands at the Old Door,video,Multi-Room Showcase,03-she-stands-at-the-old-door/videos/03-multi-room-showcase,Instagram Reel: 1080x1920px (9:16 vertical) | Pinterest Video Pin: 1080x1920px (9:16 vertical),PORTRAIT artwork file,"SIZE / ASPECT RATIO: Instagram Reel: 1080x1920px (9:16 vertical) | Pinterest Video Pin: 1080x1920px (9:16 vertical)
ARTWORK REFERENCE: Use the PORTRAIT version of your artwork file as visual reference.

Cinematic montage video, 10 seconds duration, warm golden color grading throughout. First 5 seconds: the countryside watercolor painting shown above a cozy beige sofa, gentle camera drift, soft natural light. Smooth cross-dissolve at the 5 second mark into the next 5 seconds: the same painting shown above a reading armchair with a teacup nearby, warm afternoon light filtering through lace curtains. No text overlays.

VOICE-OVER (English, soft, inviting tone): ""A story for every room...""

BACKGROUND MUSIC: warm acoustic folk instrumental, gentle and uplifting. ||| SIZE / ASPECT RATIO: Instagram Reel: 1080x1920px (9:16 vertical) | Pinterest Video Pin: 1080x1920px (9:16 vertical)
ARTWORK REFERENCE: Use the PORTRAIT version of your artwork file as visual reference.

Cinematic video, 6 seconds duration, continuing directly from the reading nook scene. The same painting now shown above a farmhouse-style white iron bed with soft morning light. Gentle camera drift forward. Same warm golden color grade as previous scenes. No text overlays.

VOICE-OVER (English, soft, inviting tone, continuing the line): ""...you call home.""

BACKGROUND MUSIC: continue the same warm acoustic folk instrumental, soft build toward the end."
28,The Golden Empress,image,Living Room Mockup,04-the-golden-empress/images/01-living-room-mockup,Instagram Feed Post: 1080x1350px (4:5 portrait) | Pinterest Pin: 1000x1500px (2:3 portrait).,Use the LANDSCAPE version of your artwork file for this mockup.,"SIZE / ASPECT RATIO: Instagram Feed Post: 1080x1350px (4:5 portrait) | Pinterest Pin: 1000x1500px (2:3 portrait).
ARTWORK REFERENCE: Use the LANDSCAPE version of your artwork file for this mockup.

Art nouveau luxury interior photography, warm evening lighting, 35mm lens. A gold leaf portrait painting of a woman with peacock jewelry and royal blue robes hangs above a deep emerald velvet sofa. Gold-toned decor accents — a small brass tray, a single candle — are placed nearby. Warm ambient light catches the gold leaf texture of the painting, making it glow softly against the emerald backdrop. Mood: opulent, rich jewel-tone palette, cinematic warmth."
29,The Golden Empress,image,Bedroom Mockup,04-the-golden-empress/images/02-bedroom-mockup,Instagram Feed Post: 1080x1350px (4:5 portrait) | Pinterest Pin: 1000x1500px (2:3 portrait).,Use the PORTRAIT version of your artwork file for this mockup.,"SIZE / ASPECT RATIO: Instagram Feed Post: 1080x1350px (4:5 portrait) | Pinterest Pin: 1000x1500px (2:3 portrait).
ARTWORK REFERENCE: Use the PORTRAIT version of your artwork file for this mockup.

Opulent bedroom interior photography, dim warm lighting. The gold leaf portrait painting hangs above a tufted velvet headboard dressed in jewel-toned bedding — deep sapphire and emerald tones. Brass candle holders with lit candles sit on the nightstand, their glow catching the painting's gold leaf details. Mood: romantic, regal, rich shadow and light contrast."
30,The Golden Empress,image,Office / Study Mockup,04-the-golden-empress/images/03-office-study-mockup,Instagram Feed Post: 1080x1350px (4:5 portrait) | Pinterest Pin: 1000x1500px (2:3 portrait).,Use the PORTRAIT version of your artwork file for this mockup.,"SIZE / ASPECT RATIO: Instagram Feed Post: 1080x1350px (4:5 portrait) | Pinterest Pin: 1000x1500px (2:3 portrait).
ARTWORK REFERENCE: Use the PORTRAIT version of your artwork file for this mockup.

Sophisticated study room photography, warm amber lighting. The golden portrait painting hangs above a dark wood bookshelf desk area with a brass desk lamp switched on. Leather-bound books and a fountain pen rest on the desk surface. Mood: scholarly elegance, warm gold and mahogany tones throughout."
31,The Golden Empress,image,Hallway Mockup,04-the-golden-empress/images/04-hallway-mockup,Instagram Feed Post: 1080x1350px (4:5 portrait) | Pinterest Pin: 1000x1500px (2:3 portrait).,Use the PORTRAIT version of your artwork file for this mockup.,"SIZE / ASPECT RATIO: Instagram Feed Post: 1080x1350px (4:5 portrait) | Pinterest Pin: 1000x1500px (2:3 portrait).
ARTWORK REFERENCE: Use the PORTRAIT version of your artwork file for this mockup.

Luxury entryway photography, warm chandelier lighting. The gold portrait painting hangs in an elegant entryway above a marble console table with a small arrangement of fresh white flowers. Chandelier light reflects softly off the painting's gold frame edges, creating subtle sparkle highlights. Mood: grand, welcoming, warm luxury hotel aesthetic."
32,The Golden Empress,image,Portrait vs Landscape Comparison,04-the-golden-empress/images/05-portrait-vs-landscape-comparison,Instagram Feed Post: 1080x1350px (4:5 portrait) | Pinterest Pin: 1000x1500px (2:3 portrait).,Upload BOTH your portrait and landscape artwork files - this image shows them side by side.,"SIZE / ASPECT RATIO: Instagram Feed Post: 1080x1350px (4:5 portrait) | Pinterest Pin: 1000x1500px (2:3 portrait).
ARTWORK REFERENCE: Upload BOTH your portrait and landscape artwork files - this image shows them side by side.

Clean side-by-side comparison photograph. On the left, the gold leaf Klimt-style portrait artwork framed in portrait orientation on a deep blue wall. On the right, the same artwork framed in landscape orientation on an identical wall. Consistent warm gallery lighting on both, true-to-color gold leaf reproduction."
33,The Golden Empress,image,Close-up Texture Shot,04-the-golden-empress/images/06-close-up-texture-shot,Instagram Feed Post / Story: 1080x1080px (1:1 square) | Pinterest Pin: 1000x1500px (2:3 portrait crop also works).,Use EITHER version of your artwork file (portrait recommended).,"SIZE / ASPECT RATIO: Instagram Feed Post / Story: 1080x1080px (1:1 square) | Pinterest Pin: 1000x1500px (2:3 portrait crop also works).
ARTWORK REFERENCE: Use EITHER version of your artwork file (portrait recommended).

Macro product photography, 100mm macro lens, shallow depth of field. Close-up of gold leaf texture cracking and shimmering on the portrait painting, with jeweled hair ornament details sparkling under changing directional light. Blue and gold pattern textures visible in fine detail. Mood: opulent, tactile, warm gold-dominant palette."
34,The Golden Empress,video,Wall Reveal Transformation,04-the-golden-empress/videos/01-wall-reveal-transformation,Instagram Reel: 1080x1920px (9:16 vertical) | Pinterest Video Pin: 1080x1920px (9:16 vertical),PORTRAIT artwork file,"SIZE / ASPECT RATIO: Instagram Reel: 1080x1920px (9:16 vertical) | Pinterest Video Pin: 1080x1920px (9:16 vertical)
ARTWORK REFERENCE: Use the PORTRAIT version of your artwork file as visual reference.

Cinematic video, slow continuous zoom, 10 seconds duration. An elegant gold leaf portrait painting of a woman with peacock jewelry slowly emerges from darkness into golden light. Camera performs a slow zoom toward her profile as the light rises, shimmering gold texture catching the light gradually. Royal art nouveau atmosphere, peacocks visible painted softly in the background. No text overlays.

VOICE-OVER (English, regal, slow, confident tone — first half of the line): ""Gold was never just a metal.""

BACKGROUND MUSIC: mysterious orchestral strings with a regal undertone, slow build, cinematic royal atmosphere. ||| SIZE / ASPECT RATIO: Instagram Reel: 1080x1920px (9:16 vertical) | Pinterest Video Pin: 1080x1920px (9:16 vertical)
ARTWORK REFERENCE: Use the PORTRAIT version of your artwork file as visual reference.

Macro close-up video, 6 seconds duration, continuing directly from the zoom-in. Camera glides across the gold leaf texture cracking and shimmering, jeweled hair ornaments sparkling as the light shifts subtly. Same warm regal color grade as Part 1. No text overlays.

VOICE-OVER (English, regal, slow, confident tone, continuing the line): ""It was always an attitude.""

BACKGROUND MUSIC: continue the same mysterious orchestral strings, swelling gently in the final two seconds."
35,The Golden Empress,video,Texture ASMR Zoom,04-the-golden-empress/videos/02-texture-asmr-zoom,Instagram Reel: 1080x1920px (9:16 vertical) | Pinterest Video Pin: 1080x1920px (9:16 vertical),PORTRAIT artwork file,"SIZE / ASPECT RATIO: Instagram Reel: 1080x1920px (9:16 vertical) | Pinterest Video Pin: 1080x1920px (9:16 vertical)
ARTWORK REFERENCE: Use the PORTRAIT version of your artwork file as visual reference.

Slow macro zoom video, 10 seconds duration. Camera moves across shimmering gold leaf texture and jeweled details on the portrait, light shifting gradually across the cracked gold surface. Smooth continuous motion, no cuts, no text overlays.

VOICE-OVER (English, soft, admiring tone): ""Every inch of gold here...""

BACKGROUND MUSIC: ambient orchestral with subtle harp accents, elegant and slow. ||| SIZE / ASPECT RATIO: Instagram Reel: 1080x1920px (9:16 vertical) | Pinterest Video Pin: 1080x1920px (9:16 vertical)
ARTWORK REFERENCE: Use the PORTRAIT version of your artwork file as visual reference.

Slow cinematic pull-back video, 6 seconds duration, continuing directly from the gold leaf close-up. Camera pulls back to reveal the full royal portrait with peacocks visible in the background, warm dramatic lighting throughout. Same color grade as Part 1. No text overlays.

VOICE-OVER (English, soft, admiring tone, continuing the line): ""...was meant to be noticed.""

BACKGROUND MUSIC: continue the same ambient orchestral with harp, soft swell in the final two seconds."
36,The Golden Empress,video,Multi-Room Showcase,04-the-golden-empress/videos/03-multi-room-showcase,Instagram Reel: 1080x1920px (9:16 vertical) | Pinterest Video Pin: 1080x1920px (9:16 vertical),PORTRAIT artwork file,"SIZE / ASPECT RATIO: Instagram Reel: 1080x1920px (9:16 vertical) | Pinterest Video Pin: 1080x1920px (9:16 vertical)
ARTWORK REFERENCE: Use the PORTRAIT version of your artwork file as visual reference.

Cinematic montage video, 10 seconds duration, warm golden color grading throughout. First 5 seconds: the golden portrait painting shown above a velvet emerald sofa, gentle camera drift, warm evening light. Smooth cross-dissolve at the 5 second mark into the next 5 seconds: the same painting shown above a tufted bedroom headboard, dim warm candlelight glow. No text overlays.

VOICE-OVER (English, confident, elegant tone): ""Royalty, reimagined...""

BACKGROUND MUSIC: cinematic orchestral swell, regal and uplifting. ||| SIZE / ASPECT RATIO: Instagram Reel: 1080x1920px (9:16 vertical) | Pinterest Video Pin: 1080x1920px (9:16 vertical)
ARTWORK REFERENCE: Use the PORTRAIT version of your artwork file as visual reference.

Cinematic video, 6 seconds duration, continuing directly from the bedroom scene. The same painting now shown above an elegant marble entryway console with fresh flowers, warm chandelier light. Gentle camera drift forward. Same warm golden color grade as previous scenes. No text overlays.

VOICE-OVER (English, confident, elegant tone, continuing the line): ""...for every room.""

BACKGROUND MUSIC: continue the same cinematic orchestral swell, gentle crescendo toward the end."
37,The Golden Lion,image,Office Mockup,05-the-golden-lion/images/01-office-mockup,Instagram Feed Post: 1080x1350px (4:5 portrait) | Pinterest Pin: 1000x1500px (2:3 portrait).,Use the PORTRAIT version of your artwork file for this mockup.,"SIZE / ASPECT RATIO: Instagram Feed Post: 1080x1350px (4:5 portrait) | Pinterest Pin: 1000x1500px (2:3 portrait).
ARTWORK REFERENCE: Use the PORTRAIT version of your artwork file for this mockup.

Powerful masculine office photography, dramatic lighting, 35mm lens. A textured gold palette-knife painting of a majestic lion's face hangs above a dark wood executive desk with a worn leather chair. A brass lamp is switched on, casting warm directional light across the desk and up onto the painting's thick gold texture. Mood: commanding, warm-dark contrast, executive luxury."
38,The Golden Lion,image,Living Room Mockup,05-the-golden-lion/images/02-living-room-mockup,Instagram Feed Post: 1080x1350px (4:5 portrait) | Pinterest Pin: 1000x1500px (2:3 portrait).,Use the LANDSCAPE version of your artwork file for this mockup.,"SIZE / ASPECT RATIO: Instagram Feed Post: 1080x1350px (4:5 portrait) | Pinterest Pin: 1000x1500px (2:3 portrait).
ARTWORK REFERENCE: Use the LANDSCAPE version of your artwork file for this mockup.

Modern masculine living room photography, dramatic accent lighting. The golden lion painting hangs above a charcoal leather sofa with a dark wood coffee table in front. Warm directional light catches the thick palette-knife texture of the mane, creating strong highlight and shadow contrast. Mood: bold, luxurious, architecturally minimal."
39,The Golden Lion,image,Study Room Mockup,05-the-golden-lion/images/03-study-room-mockup,Instagram Feed Post: 1080x1350px (4:5 portrait) | Pinterest Pin: 1000x1500px (2:3 portrait).,Use the PORTRAIT version of your artwork file for this mockup.,"SIZE / ASPECT RATIO: Instagram Feed Post: 1080x1350px (4:5 portrait) | Pinterest Pin: 1000x1500px (2:3 portrait).
ARTWORK REFERENCE: Use the PORTRAIT version of your artwork file for this mockup.

Classic study room photography, warm reading-lamp light. The lion painting hangs above a bookshelf filled with leather-bound books, wood-paneled walls in soft focus behind. The warm lamp light highlights the painting's gold texture against the darker wood tones. Mood: scholarly, powerful, warm amber palette."
40,The Golden Lion,image,Hallway Mockup,05-the-golden-lion/images/04-hallway-mockup,Instagram Feed Post: 1080x1350px (4:5 portrait) | Pinterest Pin: 1000x1500px (2:3 portrait).,Use the PORTRAIT version of your artwork file for this mockup.,"SIZE / ASPECT RATIO: Instagram Feed Post: 1080x1350px (4:5 portrait) | Pinterest Pin: 1000x1500px (2:3 portrait).
ARTWORK REFERENCE: Use the PORTRAIT version of your artwork file for this mockup.

Statement hallway photography, single dramatic spotlight. The golden lion painting hangs above a dark console table, illuminated by a focused spotlight that creates strong shadow contrast around the piece, making it the clear focal point of the space. Mood: bold, gallery-like, intense."
41,The Golden Lion,image,Portrait vs Landscape Comparison,05-the-golden-lion/images/05-portrait-vs-landscape-comparison,Instagram Feed Post: 1080x1350px (4:5 portrait) | Pinterest Pin: 1000x1500px (2:3 portrait).,Upload BOTH your portrait and landscape artwork files - this image shows them side by side.,"SIZE / ASPECT RATIO: Instagram Feed Post: 1080x1350px (4:5 portrait) | Pinterest Pin: 1000x1500px (2:3 portrait).
ARTWORK REFERENCE: Upload BOTH your portrait and landscape artwork files - this image shows them side by side.

Clean side-by-side comparison photograph. On the left, the textured gold lion artwork framed in portrait orientation on a dark wall. On the right, the same artwork framed in landscape orientation on an identical wall. Consistent dramatic studio lighting on both, true-to-color gold texture reproduction."
42,The Golden Lion,image,Close-up Texture Shot,05-the-golden-lion/images/06-close-up-texture-shot,Instagram Feed Post / Story: 1080x1080px (1:1 square) | Pinterest Pin: 1000x1500px (2:3 portrait crop also works).,Use EITHER version of your artwork file (portrait recommended).,"SIZE / ASPECT RATIO: Instagram Feed Post / Story: 1080x1080px (1:1 square) | Pinterest Pin: 1000x1500px (2:3 portrait crop also works).
ARTWORK REFERENCE: Use EITHER version of your artwork file (portrait recommended).

Macro product photography, 100mm macro lens, shallow depth of field. Close-up of the lion's golden textured mane, thick palette-knife paint strokes catching dramatic raking side light. Intense eye detail visible in soft focus at the edge of frame. Mood: tactile, powerful, warm gold dominant."
43,The Golden Lion,video,Wall Reveal Transformation,05-the-golden-lion/videos/01-wall-reveal-transformation,Instagram Reel: 1080x1920px (9:16 vertical) | Pinterest Video Pin: 1080x1920px (9:16 vertical),PORTRAIT artwork file,"SIZE / ASPECT RATIO: Instagram Reel: 1080x1920px (9:16 vertical) | Pinterest Video Pin: 1080x1920px (9:16 vertical)
ARTWORK REFERENCE: Use the PORTRAIT version of your artwork file as visual reference.

Cinematic video, slow continuous reveal, 10 seconds duration. Scene begins on a dark empty modern office wall. As the camera slowly moves, a textured gold palette-knife painting of a majestic lion's face gradually emerges from shadow into golden light, powerful intense eyes becoming visible. Dramatic lighting, luxury masculine atmosphere throughout. No text overlays.

VOICE-OVER (English, deep, powerful, slow tone — first half of the line): ""Some rooms don't need more furniture.""

BACKGROUND MUSIC: deep cinematic drums with a slow powerful build, intense and masculine, commercial brand style. ||| SIZE / ASPECT RATIO: Instagram Reel: 1080x1920px (9:16 vertical) | Pinterest Video Pin: 1080x1920px (9:16 vertical)
ARTWORK REFERENCE: Use the PORTRAIT version of your artwork file as visual reference.

Macro close-up video, 6 seconds duration, continuing directly from the reveal. Camera pans slowly across the lion's thick golden textured mane, paint strokes catching dramatic side light, slow pan ending on the intense eyes. Same dramatic color grade as Part 1. No text overlays.

VOICE-OVER (English, deep, powerful, slow tone, continuing the line): ""They need presence.""

BACKGROUND MUSIC: continue the same deep cinematic drums, intensifying slightly in the final two seconds."
44,The Golden Lion,video,Texture ASMR Zoom,05-the-golden-lion/videos/02-texture-asmr-zoom,Instagram Reel: 1080x1920px (9:16 vertical) | Pinterest Video Pin: 1080x1920px (9:16 vertical),PORTRAIT artwork file,"SIZE / ASPECT RATIO: Instagram Reel: 1080x1920px (9:16 vertical) | Pinterest Video Pin: 1080x1920px (9:16 vertical)
ARTWORK REFERENCE: Use the PORTRAIT version of your artwork file as visual reference.

Slow macro zoom video, 10 seconds duration. Camera moves across the lion's thick golden palette-knife texture, light raking gradually across the paint ridges. Smooth continuous motion, no cuts, no text overlays.

VOICE-OVER (English, low, commanding tone): ""This isn't just paint.""

BACKGROUND MUSIC: minimal deep bass drone with distant cinematic drums, intense and slow. ||| SIZE / ASPECT RATIO: Instagram Reel: 1080x1920px (9:16 vertical) | Pinterest Video Pin: 1080x1920px (9:16 vertical)
ARTWORK REFERENCE: Use the PORTRAIT version of your artwork file as visual reference.

Slow cinematic pull-back video, 6 seconds duration, continuing directly from the texture close-up. Camera pulls back to reveal the full intense lion face under dramatic lighting. Same color grade as Part 1. No text overlays.

VOICE-OVER (English, low, commanding tone, continuing the line): ""This is power, captured in gold.""

BACKGROUND MUSIC: continue the same deep bass drone and distant drums, building in the final two seconds."
45,The Golden Lion,video,Multi-Room Showcase,05-the-golden-lion/videos/03-multi-room-showcase,Instagram Reel: 1080x1920px (9:16 vertical) | Pinterest Video Pin: 1080x1920px (9:16 vertical),PORTRAIT artwork file,"SIZE / ASPECT RATIO: Instagram Reel: 1080x1920px (9:16 vertical) | Pinterest Video Pin: 1080x1920px (9:16 vertical)
ARTWORK REFERENCE: Use the PORTRAIT version of your artwork file as visual reference.

Cinematic montage video, 10 seconds duration, dramatic warm-dark color grading throughout. First 5 seconds: the golden lion painting shown above an executive desk, gentle camera drift, warm brass lamp light. Smooth cross-dissolve at the 5 second mark into the next 5 seconds: the same painting shown above a charcoal leather sofa, dramatic accent lighting. No text overlays.

VOICE-OVER (English, bold, confident tone): ""Strength belongs...""

BACKGROUND MUSIC: cinematic orchestral drums with rising intensity, powerful commercial build. ||| SIZE / ASPECT RATIO: Instagram Reel: 1080x1920px (9:16 vertical) | Pinterest Video Pin: 1080x1920px (9:16 vertical)
ARTWORK REFERENCE: Use the PORTRAIT version of your artwork file as visual reference.

Cinematic video, 6 seconds duration, continuing directly from the living room scene. The same painting now shown above a bold entryway console table with a focused spotlight. Gentle camera drift forward. Same dramatic warm-dark color grade as previous scenes. No text overlays.

VOICE-OVER (English, bold, confident tone, continuing the line): ""...in every room you lead from.""

BACKGROUND MUSIC: continue the same cinematic orchestral drums, powerful finish in the final two seconds."
46,The Letter,image,Living Room Mockup,06-the-letter/images/01-living-room-mockup,Instagram Feed Post: 1080x1350px (4:5 portrait) | Pinterest Pin: 1000x1500px (2:3 portrait).,Use the LANDSCAPE version of your artwork file for this mockup.,"SIZE / ASPECT RATIO: Instagram Feed Post: 1080x1350px (4:5 portrait) | Pinterest Pin: 1000x1500px (2:3 portrait).
ARTWORK REFERENCE: Use the LANDSCAPE version of your artwork file for this mockup.

Cottagecore interior photography, rainy evening mood, warm lamp light. A watercolor painting of a woman reading a letter by candlelight near a rainy window hangs above a soft grey sofa. A cozy knitted blanket is draped over the armrest. Warm lamp glow contrasts with the cool rainy light implied in the painting. Mood: intimate, nostalgic, soft warm-cool color contrast."
47,The Letter,image,Reading Nook Mockup,06-the-letter/images/02-reading-nook-mockup,Instagram Feed Post: 1080x1350px (4:5 portrait) | Pinterest Pin: 1000x1500px (2:3 portrait).,Use the PORTRAIT version of your artwork file for this mockup.,"SIZE / ASPECT RATIO: Instagram Feed Post: 1080x1350px (4:5 portrait) | Pinterest Pin: 1000x1500px (2:3 portrait).
ARTWORK REFERENCE: Use the PORTRAIT version of your artwork file for this mockup.

Cozy interior photography, warm desk lamp glow. The candlelight letter-reading watercolor painting hangs above a vintage writing desk holding an ink pen and a small vase of dried flowers. Rain is visible blurred through a nearby window. Mood: quiet, contemplative, warm amber tones."
48,The Letter,image,Bedroom Mockup,06-the-letter/images/03-bedroom-mockup,Instagram Feed Post: 1080x1350px (4:5 portrait) | Pinterest Pin: 1000x1500px (2:3 portrait).,Use the PORTRAIT version of your artwork file for this mockup.,"SIZE / ASPECT RATIO: Instagram Feed Post: 1080x1350px (4:5 portrait) | Pinterest Pin: 1000x1500px (2:3 portrait).
ARTWORK REFERENCE: Use the PORTRAIT version of your artwork file for this mockup.

Cozy evening bedroom photography, soft bedside candle glow. The watercolor painting hangs above a bed dressed in soft linen, the window beside it showing a soft rain-streaked reflection. Mood: calm, intimate, warm low-light atmosphere."
49,The Letter,image,Hallway Mockup,06-the-letter/images/04-hallway-mockup,Instagram Feed Post: 1080x1350px (4:5 portrait) | Pinterest Pin: 1000x1500px (2:3 portrait).,Use the PORTRAIT version of your artwork file for this mockup.,"SIZE / ASPECT RATIO: Instagram Feed Post: 1080x1350px (4:5 portrait) | Pinterest Pin: 1000x1500px (2:3 portrait).
ARTWORK REFERENCE: Use the PORTRAIT version of your artwork file for this mockup.

Rustic charm interior photography, warm lantern light. The watercolor painting hangs in a quiet cottage hallway above a small wooden shelf holding old letters tied with string and dried lavender sprigs. Mood: nostalgic, warm, softly lit."
50,The Letter,image,Portrait vs Landscape Comparison,06-the-letter/images/05-portrait-vs-landscape-comparison,Instagram Feed Post: 1080x1350px (4:5 portrait) | Pinterest Pin: 1000x1500px (2:3 portrait).,Upload BOTH your portrait and landscape artwork files - this image shows them side by side.,"SIZE / ASPECT RATIO: Instagram Feed Post: 1080x1350px (4:5 portrait) | Pinterest Pin: 1000x1500px (2:3 portrait).
ARTWORK REFERENCE: Upload BOTH your portrait and landscape artwork files - this image shows them side by side.

Clean side-by-side comparison photograph. On the left, the candlelight letter-reading watercolor artwork framed in portrait orientation on a warm cream wall. On the right, the same artwork framed in landscape orientation on an identical wall. Soft diffused lighting on both, true-to-color watercolor reproduction."
51,The Letter,image,Close-up Texture Shot,06-the-letter/images/06-close-up-texture-shot,Instagram Feed Post / Story: 1080x1080px (1:1 square) | Pinterest Pin: 1000x1500px (2:3 portrait crop also works).,Use EITHER version of your artwork file (portrait recommended).,"SIZE / ASPECT RATIO: Instagram Feed Post / Story: 1080x1080px (1:1 square) | Pinterest Pin: 1000x1500px (2:3 portrait crop also works).
ARTWORK REFERENCE: Use EITHER version of your artwork file (portrait recommended).

Macro photography of watercolor paper texture, 100mm macro lens, shallow depth of field. Close-up on candle flame glow reflected in the painted scene and handwritten letter brushstroke details, fine paper grain visible. Mood: warm, intimate, delicate detail."
52,The Letter,video,Candlelight Reveal,06-the-letter/videos/01-candlelight-reveal,Instagram Reel: 1080x1920px (9:16 vertical) | Pinterest Video Pin: 1080x1920px (9:16 vertical),PORTRAIT artwork file,"SIZE / ASPECT RATIO: Instagram Reel: 1080x1920px (9:16 vertical) | Pinterest Video Pin: 1080x1920px (9:16 vertical)
ARTWORK REFERENCE: Use the PORTRAIT version of your artwork file as visual reference.

Cinematic watercolor-style video, 10 seconds duration. Scene begins on a candle flickering on an old wooden desk in a dim room, rain falling outside a window with street lamps glowing softly in the distance. Over the course of the clip, a woman reading a handwritten letter gradually comes into focus, warm watercolor illustration style, gentle camera push-in throughout. No text overlays.

VOICE-OVER (English, soft, slow, emotional tone — first half of the line): ""Some words find their way to you...""

BACKGROUND MUSIC: soft rain ambience layered with slow piano, intimate and nostalgic. ||| SIZE / ASPECT RATIO: Instagram Reel: 1080x1920px (9:16 vertical) | Pinterest Video Pin: 1080x1920px (9:16 vertical)
ARTWORK REFERENCE: Use the PORTRAIT version of your artwork file as visual reference.

Cinematic video, 6 seconds duration, continuing directly from the reveal. Close-up on the candle flame flickering beside the old letter and ink pen, rain streaks visible on the window glass in soft focus background. Same warm watercolor color grade as Part 1. No text overlays.

VOICE-OVER (English, soft, slow, emotional tone, continuing the line): ""...even years after they were written.""

BACKGROUND MUSIC: continue the same soft rain ambience and slow piano, gentle swell in the final two seconds."
53,The Letter,video,Texture ASMR Zoom,06-the-letter/videos/02-texture-asmr-zoom,Instagram Reel: 1080x1920px (9:16 vertical) | Pinterest Video Pin: 1080x1920px (9:16 vertical),PORTRAIT artwork file,"SIZE / ASPECT RATIO: Instagram Reel: 1080x1920px (9:16 vertical) | Pinterest Video Pin: 1080x1920px (9:16 vertical)
ARTWORK REFERENCE: Use the PORTRAIT version of your artwork file as visual reference.

Slow macro zoom video, 10 seconds duration. Camera moves across watercolor paper texture showing candlelight glow and handwritten ink details, warm intimate lighting throughout. Smooth continuous motion, no cuts, no text overlays.

VOICE-OVER (English, whispered, gentle tone): ""There's a quiet kind of beauty...""

BACKGROUND MUSIC: minimal ambient piano with soft rain texture underneath, slow and reflective. ||| SIZE / ASPECT RATIO: Instagram Reel: 1080x1920px (9:16 vertical) | Pinterest Video Pin: 1080x1920px (9:16 vertical)
ARTWORK REFERENCE: Use the PORTRAIT version of your artwork file as visual reference.

Slow cinematic pull-back video, 6 seconds duration, continuing directly from the texture close-up. Camera pulls back to reveal the full scene of the woman reading by the rainy window. Same warm color grade as Part 1. No text overlays.

VOICE-OVER (English, whispered, gentle tone, continuing the line): ""...in a letter never meant to be rushed.""

BACKGROUND MUSIC: continue the same minimal ambient piano and rain texture, soft swell at the end."
54,The Letter,video,Multi-Room Showcase,06-the-letter/videos/03-multi-room-showcase,Instagram Reel: 1080x1920px (9:16 vertical) | Pinterest Video Pin: 1080x1920px (9:16 vertical),PORTRAIT artwork file,"SIZE / ASPECT RATIO: Instagram Reel: 1080x1920px (9:16 vertical) | Pinterest Video Pin: 1080x1920px (9:16 vertical)
ARTWORK REFERENCE: Use the PORTRAIT version of your artwork file as visual reference.

Cinematic montage video, 10 seconds duration, warm intimate color grading throughout. First 5 seconds: the candlelight letter painting shown above a cozy grey sofa, gentle camera drift, warm lamp glow. Smooth cross-dissolve at the 5 second mark into the next 5 seconds: the same painting shown above a vintage writing desk with an ink pen and dried flowers. No text overlays.

VOICE-OVER (English, soft, warm tone): ""A quiet story...""

BACKGROUND MUSIC: gentle piano with soft ambient pads, warm and nostalgic. ||| SIZE / ASPECT RATIO: Instagram Reel: 1080x1920px (9:16 vertical) | Pinterest Video Pin: 1080x1920px (9:16 vertical)
ARTWORK REFERENCE: Use the PORTRAIT version of your artwork file as visual reference.

Cinematic video, 6 seconds duration, continuing directly from the writing desk scene. The same painting now shown above a soft linen bed with a warm bedside candle glow. Gentle camera drift forward. Same warm intimate color grade as previous scenes. No text overlays.

VOICE-OVER (English, soft, warm tone, continuing the line): ""...waiting in every corner of home.""

BACKGROUND MUSIC: continue the same gentle piano and ambient pads, soft build toward the end."
55,The Titanium Wealth,image,Living Room Mockup,07-the-titanium-wealth/images/01-living-room-mockup,Instagram Feed Post: 1080x1350px (4:5 portrait) | Pinterest Pin: 1000x1500px (2:3 portrait).,Use the LANDSCAPE version of your artwork file for this mockup.,"SIZE / ASPECT RATIO: Instagram Feed Post: 1080x1350px (4:5 portrait) | Pinterest Pin: 1000x1500px (2:3 portrait).
ARTWORK REFERENCE: Use the LANDSCAPE version of your artwork file for this mockup.

Luxury contemporary interior photography, warm accent lighting, 35mm lens. An abstract painting with bold gold streaks cutting through deep navy textured paint hangs above a navy velvet sofa. Small gold decor details — a brass tray, a candle — sit nearby, echoing the painting's gold tones. Mood: rich, modern, contemporary luxury, warm-cool contrast."
56,The Titanium Wealth,image,Office Mockup,07-the-titanium-wealth/images/02-office-mockup,Instagram Feed Post: 1080x1350px (4:5 portrait) | Pinterest Pin: 1000x1500px (2:3 portrait).,Use the PORTRAIT version of your artwork file for this mockup.,"SIZE / ASPECT RATIO: Instagram Feed Post: 1080x1350px (4:5 portrait) | Pinterest Pin: 1000x1500px (2:3 portrait).
ARTWORK REFERENCE: Use the PORTRAIT version of your artwork file for this mockup.

Modern corporate office photography at dusk. The navy and gold abstract painting hangs above a sleek glass executive desk, a soft-focus city skyline glowing behind large windows. Dramatic studio-style lighting highlights the painting's gold streaks against the navy background. Mood: powerful, modern, executive luxury."
57,The Titanium Wealth,image,Bedroom Mockup,07-the-titanium-wealth/images/03-bedroom-mockup,Instagram Feed Post: 1080x1350px (4:5 portrait) | Pinterest Pin: 1000x1500px (2:3 portrait).,Use the PORTRAIT version of your artwork file for this mockup.,"SIZE / ASPECT RATIO: Instagram Feed Post: 1080x1350px (4:5 portrait) | Pinterest Pin: 1000x1500px (2:3 portrait).
ARTWORK REFERENCE: Use the PORTRAIT version of your artwork file for this mockup.

Luxury bedroom interior photography, moody evening lighting. The navy and gold abstract painting hangs above a dark upholstered headboard. A warm bedside lamp glow catches the gold streaks in the painting, creating a striking contrast against the deep navy palette. Mood: moody, rich, sophisticated."
58,The Titanium Wealth,image,Hallway Mockup,07-the-titanium-wealth/images/04-hallway-mockup,Instagram Feed Post: 1080x1350px (4:5 portrait) | Pinterest Pin: 1000x1500px (2:3 portrait).,Use the PORTRAIT version of your artwork file for this mockup.,"SIZE / ASPECT RATIO: Instagram Feed Post: 1080x1350px (4:5 portrait) | Pinterest Pin: 1000x1500px (2:3 portrait).
ARTWORK REFERENCE: Use the PORTRAIT version of your artwork file for this mockup.

Luxury contemporary entryway photography. The abstract painting hangs above a marble console table, a dramatic spotlight highlighting the gold streaks against the dark navy background. Mood: bold, modern, gallery-like statement piece."
59,The Titanium Wealth,image,Portrait vs Landscape Comparison,07-the-titanium-wealth/images/05-portrait-vs-landscape-comparison,Instagram Feed Post: 1080x1350px (4:5 portrait) | Pinterest Pin: 1000x1500px (2:3 portrait).,Upload BOTH your portrait and landscape artwork files - this image shows them side by side.,"SIZE / ASPECT RATIO: Instagram Feed Post: 1080x1350px (4:5 portrait) | Pinterest Pin: 1000x1500px (2:3 portrait).
ARTWORK REFERENCE: Upload BOTH your portrait and landscape artwork files - this image shows them side by side.

Clean side-by-side comparison photograph. On the left, the navy and gold abstract artwork framed in portrait orientation on a dark navy wall. On the right, the same artwork framed in landscape orientation on an identical wall. Consistent dramatic studio lighting on both, true-to-color gold and navy reproduction."
60,The Titanium Wealth,image,Close-up Texture Shot,07-the-titanium-wealth/images/06-close-up-texture-shot,Instagram Feed Post / Story: 1080x1080px (1:1 square) | Pinterest Pin: 1000x1500px (2:3 portrait crop also works).,Use EITHER version of your artwork file (portrait recommended).,"SIZE / ASPECT RATIO: Instagram Feed Post / Story: 1080x1080px (1:1 square) | Pinterest Pin: 1000x1500px (2:3 portrait crop also works).
ARTWORK REFERENCE: Use EITHER version of your artwork file (portrait recommended).

Macro product photography, 100mm macro lens, shallow depth of field. Close-up of thick gold paint texture flowing diagonally across navy blue brushstrokes, directional light reflecting sharply off the metallic gold ridges. Mood: tactile, rich, high-contrast luxury detail."
61,The Titanium Wealth,video,Wall Reveal Transformation,07-the-titanium-wealth/videos/01-wall-reveal-transformation,Instagram Reel: 1080x1920px (9:16 vertical) | Pinterest Video Pin: 1080x1920px (9:16 vertical),PORTRAIT artwork file,"SIZE / ASPECT RATIO: Instagram Reel: 1080x1920px (9:16 vertical) | Pinterest Video Pin: 1080x1920px (9:16 vertical)
ARTWORK REFERENCE: Use the PORTRAIT version of your artwork file as visual reference.

Cinematic video, slow continuous reveal, 10 seconds duration. Scene begins on a dark navy blue modern wall. As the camera slowly moves, an abstract painting with bold gold streaks cutting through deep navy textured paint gradually comes into view, dramatic studio lighting catching the gold streaks as they appear. Luxurious contemporary art gallery feel throughout. No text overlays.

VOICE-OVER (English, smooth, confident, slow tone — first half of the line): ""Real richness isn't loud.""

BACKGROUND MUSIC: luxury ambient with deep bass and subtle lo-fi texture, slow and refined, commercial brand style. ||| SIZE / ASPECT RATIO: Instagram Reel: 1080x1920px (9:16 vertical) | Pinterest Video Pin: 1080x1920px (9:16 vertical)
ARTWORK REFERENCE: Use the PORTRAIT version of your artwork file as visual reference.

Macro close-up video, slow motion, 6 seconds duration, continuing directly from the wall reveal. Camera glides across thick gold paint texture flowing diagonally across navy blue brushstrokes, light reflecting sharply off the metallic ridges. Same color grade as Part 1. No text overlays.

VOICE-OVER (English, smooth, confident, slow tone, continuing the line): ""It's in the texture, if you look closely enough.""

BACKGROUND MUSIC: continue the same luxury ambient with deep bass, subtle swell in the final two seconds."
62,The Titanium Wealth,video,Texture ASMR Zoom,07-the-titanium-wealth/videos/02-texture-asmr-zoom,Instagram Reel: 1080x1920px (9:16 vertical) | Pinterest Video Pin: 1080x1920px (9:16 vertical),PORTRAIT artwork file,"SIZE / ASPECT RATIO: Instagram Reel: 1080x1920px (9:16 vertical) | Pinterest Video Pin: 1080x1920px (9:16 vertical)
ARTWORK REFERENCE: Use the PORTRAIT version of your artwork file as visual reference.

Slow macro zoom video, 10 seconds duration. Camera moves across the thick gold and navy paint texture, light sweeping gradually across the metallic ridges. Smooth continuous motion, no cuts, no text overlays.

VOICE-OVER (English, soft, smooth tone): ""Gold doesn't need to shout.""

BACKGROUND MUSIC: minimal dark ambient with soft metallic textures, slow and elegant. ||| SIZE / ASPECT RATIO: Instagram Reel: 1080x1920px (9:16 vertical) | Pinterest Video Pin: 1080x1920px (9:16 vertical)
ARTWORK REFERENCE: Use the PORTRAIT version of your artwork file as visual reference.

Slow cinematic pull-back video, 6 seconds duration, continuing directly from the texture close-up. Camera pulls back to reveal the full abstract composition under dramatic gallery lighting. Same color grade as Part 1. No text overlays.

VOICE-OVER (English, soft, smooth tone, continuing the line): ""It just needs the right light.""

BACKGROUND MUSIC: continue the same minimal dark ambient with metallic textures, gentle swell in the final two seconds."
63,The Titanium Wealth,video,Multi-Room Showcase,07-the-titanium-wealth/videos/03-multi-room-showcase,Instagram Reel: 1080x1920px (9:16 vertical) | Pinterest Video Pin: 1080x1920px (9:16 vertical),PORTRAIT artwork file,"SIZE / ASPECT RATIO: Instagram Reel: 1080x1920px (9:16 vertical) | Pinterest Video Pin: 1080x1920px (9:16 vertical)
ARTWORK REFERENCE: Use the PORTRAIT version of your artwork file as visual reference.

Cinematic montage video, 10 seconds duration, consistent moody luxury color grading throughout. First 5 seconds: the navy and gold abstract painting shown above a velvet sofa, gentle camera drift, warm accent lighting. Smooth cross-dissolve at the 5 second mark into the next 5 seconds: the same painting shown above a sleek glass executive desk with a soft-focus city skyline. No text overlays.

VOICE-OVER (English, confident, polished tone): ""Luxury that fits...""

BACKGROUND MUSIC: cinematic luxury instrumental with deep bass. ||| SIZE / ASPECT RATIO: Instagram Reel: 1080x1920px (9:16 vertical) | Pinterest Video Pin: 1080x1920px (9:16 vertical)
ARTWORK REFERENCE: Use the PORTRAIT version of your artwork file as visual reference.

Cinematic video, 6 seconds duration, continuing directly from the office scene. The same painting now shown above a dark upholstered bedroom headboard with moody evening lighting. Gentle camera drift forward. Same moody luxury color grade as previous scenes. No text overlays.

VOICE-OVER (English, confident, polished tone, continuing the line): ""...wherever you need it to.""

BACKGROUND MUSIC: continue the same cinematic luxury instrumental, confident finish in the final two seconds."
64,Gold Series Duo,image,Gold Series Duo Collage,00-master/bundle-collages/01-gold-series-duo-collage,Instagram Feed Post: 1080x1350px (4:5 portrait) | Pinterest Pin: 1000x1500px (2:3 portrait).,Use the PORTRAIT version of the artwork files.,"SIZE / ASPECT RATIO: Instagram Feed Post: 1080x1350px (4:5 portrait) | Pinterest Pin: 1000x1500px (2:3 portrait).
ARTWORK REFERENCE: Use the PORTRAIT version of the artwork files.

Styled gallery-wall photograph showing both The Golden Empress and The Golden Lion paintings hung side by side on a warm deep blue wall, matching slim gold frames, elegant symmetrical lighting from above, warm luxury interior photography mood."
65,Luxe Abstract Duo,image,Luxe Abstract Duo Collage,00-master/bundle-collages/02-luxe-abstract-duo-collage,Instagram Feed Post: 1080x1350px (4:5 portrait) | Pinterest Pin: 1000x1500px (2:3 portrait).,Use the PORTRAIT version of the artwork files.,"SIZE / ASPECT RATIO: Instagram Feed Post: 1080x1350px (4:5 portrait) | Pinterest Pin: 1000x1500px (2:3 portrait).
ARTWORK REFERENCE: Use the PORTRAIT version of the artwork files.

Styled gallery-wall photograph showing both Liquid Onyx and The Titanium Wealth paintings hung side by side on a dark modern wall, matching slim black frames, dramatic single-source studio lighting, luxury gallery presentation mood."
66,Storybook Diptych,image,Storybook Diptych Collage,00-master/bundle-collages/03-storybook-diptych-collage,Instagram Feed Post: 1080x1350px (4:5 portrait) | Pinterest Pin: 1000x1500px (2:3 portrait).,Use the PORTRAIT version of the artwork files.,"SIZE / ASPECT RATIO: Instagram Feed Post: 1080x1350px (4:5 portrait) | Pinterest Pin: 1000x1500px (2:3 portrait).
ARTWORK REFERENCE: Use the PORTRAIT version of the artwork files.

Styled gallery-wall photograph showing both She Stands at the Old Door and The Letter watercolor paintings hung side by side on a warm cream wall, matching light wood frames, soft natural window lighting, cottagecore gallery presentation mood."
67,Full Collection (all 7),image,Full Store Collage (All 7 Art),00-master/bundle-collages/04-full-store-collage-all-7-art,Instagram Feed Post: 1080x1350px (4:5 portrait) | Pinterest Pin: 1000x1500px (2:3 portrait).,Use the PORTRAIT version of the artwork files.,"SIZE / ASPECT RATIO: Instagram Feed Post: 1080x1350px (4:5 portrait) | Pinterest Pin: 1000x1500px (2:3 portrait).
ARTWORK REFERENCE: Use the PORTRAIT version of the artwork files.

Elegant salon-style gallery wall photograph showing all seven Aurelian Canvas paintings arranged together in a tasteful curated layout on a neutral warm-grey wall, varied frame sizes creating visual rhythm, warm gallery lighting from above, cohesive luxury interior photography mood, high-end art collector's wall feel."
